address_id,user_id,state,city,address
2627387370,6224715428,Kansas,Olathe,"780 Rogers Corners
West Dylan, TN 20251"
3818492225,3948088139,Missouri,St. Louis,"21516 Peter Green Suite 974
Danielton, ID 26176"
3014526995,2382279700,Tennessee,Clarksville,"Unit 0254 Box 7865
DPO AA 16422"
7105684911,5838424547,Maryland,Rockville,"971 Moran Canyon
South Helenmouth, MS 84406"
4336508160,276303418,Nebraska,Omaha,"866 Anderson Village Suite 015
East Maureenchester, TN 36271"
5902711608,7542965990,Michigan,Flint,"50846 Kennedy Plaza Suite 636
Port Rickymouth, ND 59013"
8403701106,2922871984,Minnesota,Duluth,"5084 Brandon Curve
North Geraldburgh, UT 65808"
1520405505,4003407483,Kentucky,Owensboro,"78997 Hernandez Drives
Wheelerberg, MA 74166"
2348079489,2460767864,Tennessee,Chattanooga,"98304 Hall Locks Suite 099
Matthewburgh, IL 75676"
6133538996,4615414115,New York,Syracuse,"59085 Williams Trace
Lake Lauraside, GU 22699"
1158571935,3663801269,Rhode Island,Providence,"70467 Keller Expressway
North Emma, CT 86056"
1585357736,6735439842,Virginia,Richmond,"82483 Mark Corners
West Patriciafort, TN 49922"
794891357,8661457970,Alaska,Sitka,"USNV Gentry
FPO AP 01097"
4250154833,5450420061,North Dakota,West Fargo,"86296 Greene Ways
Warrenfurt, CA 69911"
675072085,5559770857,South Carolina,Columbia,"1966 Lewis Plain Apt. 748
Mcconnellshire, MS 36600"
4861505050,7941720068,Florida,Miami,"PSC 8886, Box 8431
APO AE 62325"
6201196239,5866855353,Wyoming,Rock Springs,"44263 Elizabeth Mount Suite 865
Anthonyville, MH 72185"
3331561157,5178866103,North Dakota,Minot,"91972 Patricia Pines Suite 137
New Matthewport, KS 32852"
9187364873,8350758102,Maine,Bangor,"4102 Patricia Stream
North Brandon, MP 86029"
7530338957,8565398982,Oregon,Gresham,"620 Scott Court Apt. 670
Lawsonfurt, GU 56625"
3739824387,4662652840,Delaware,Newark,"Unit 0920 Box 5468
DPO AA 70497"
3548070650,4523543087,Oklahoma,Norman,"1159 Patton Terrace Suite 008
East Andrewbury, WI 82009"
2584965547,2508073412,Idaho,Idaho Falls,"55070 Parker Dale
South Kenneth, WV 46050"
9684765540,8707007349,Idaho,Idaho Falls,"582 Eric Trail Apt. 996
Lake Nicholastown, KS 18087"
9030980185,4029023535,Illinois,Rockford,"064 Lawrence Course Suite 766
North Kathryn, DE 03407"
2165709178,4954957033,Florida,Tampa,"017 Kristi River
Jenniferstad, FM 08801"
7506260383,6056171580,California,San Jose,"5863 John Rest
Jaredton, VA 42397"
3098076019,5092225075,Delaware,Dover,"96832 Brian Centers
East Angela, AL 01205"
2127648053,1303990585,Minnesota,Bloomington,"955 Mata Fall Suite 885
Elizabethland, MT 58539"
3419515973,3962035467,Iowa,Iowa City,"0400 Rachel Greens Suite 914
Michaelstad, AR 44559"
8960704002,9283316453,North Dakota,West Fargo,"8813 Eric Forest
Port Edwardland, MN 10310"
4156347023,1555732064,New Mexico,Albuquerque,"314 Karen Station Apt. 453
Johnview, DE 14747"
7820732156,3279104993,Montana,Great Falls,"6131 Tran Plain Apt. 521
Mitchellton, OR 80835"
9720123299,3762880044,Alaska,Ketchikan,"436 Brandon Path
West James, UT 42009"
9451806849,6465722459,Maine,Lewiston,"625 Charles Fall
Richardsontown, WV 45382"
7913162007,6217249177,Arizona,Glendale,"USNV Reed
FPO AP 78160"
9095855016,9504184461,Texas,Houston,"9990 Brown Forge
Jenkinsfurt, ME 06607"
1687520378,8091629836,Massachusetts,Lowell,"690 Day Prairie Apt. 582
Stephenston, ID 09295"
8317976806,4933232747,Wyoming,Casper,"311 Joy Mission
Barbaraburgh, KY 79925"
1234485247,3464398910,Pennsylvania,Pittsburgh,"619 Jones Inlet Apt. 688
West Arthur, VI 67266"
8685302705,9715842984,Alabama,Mobile,"08690 Reid Cove Apt. 412
Denisebury, NH 17968"
1485713196,2144471222,Oklahoma,Tulsa,"7350 Blackwell Extensions
Taylorbury, NE 68619"
4741159558,4938157107,Idaho,Meridian,"7860 Avila Radial
South Aaronland, HI 75274"
8769924237,5498924856,Mississippi,Hattiesburg,"53713 Brian Port
Lake Amandaport, TN 33025"
6484992173,4298830486,Georgia,Atlanta,"36781 Bonilla Manors
Christopherfort, VA 87046"
8375353706,8351249153,South Carolina,Greenville,"0172 Woods Radial Suite 374
Thorntonbury, NE 07016"
2038352822,2677170946,Washington,Seattle,"3973 Wallace Fall
East Joan, TX 30540"
8328298873,421414538,New Jersey,Paterson,"89379 April Locks
Sherrymouth, AZ 97831"
2301028031,5960875611,Colorado,Colorado Springs,"Unit 8184 Box 9039
DPO AP 21421"
6103390628,4211867079,West Virginia,Charleston,"259 Nicole Gateway Apt. 883
Mcdonaldport, NY 45373"
2312980236,8447684822,New York,Buffalo,"PSC 6313, Box 4946
APO AE 89257"
6307344133,5896506240,New Hampshire,Dover,"14789 Bernard Rest Apt. 505
Lake Joshuaton, NY 12137"
1111138869,5593430672,Georgia,Savannah,"Unit 1279 Box 6368
DPO AE 01715"
6374816292,8788228567,Montana,Bozeman,"54790 Hernandez View Suite 885
Fisherberg, SC 47639"
9129825903,8986987853,Rhode Island,Pawtucket,"306 Dixon Grove
Cindystad, ND 73814"
8779643747,2169406761,Oklahoma,Edmond,"568 Courtney Isle
Richardsonshire, GU 07857"
1221170694,4913990112,Ohio,Akron,"5339 Nicholas Field
East Sherriview, TN 35076"
2696701554,3105385902,Utah,Orem,"Unit 2116 Box 8909
DPO AP 33592"
4218655813,7127447833,Maryland,Frederick,"USNV Simpson
FPO AP 31331"
9268664417,4754313986,Delaware,Middletown,"01835 Wang Hollow Apt. 272
Lake Veronicastad, VI 45649"
7918717572,4494250896,Kentucky,Covington,"4099 Anita Junctions Suite 247
Georgeshire, GA 57680"
4135890664,1147480862,Missouri,Independence,"81185 Norris Vista
West Daniel, DC 62503"
3660366695,6045581955,New York,Rochester,"6628 Angela Wall Apt. 330
North Charles, SD 17236"
860670213,9534275824,Colorado,Aurora,"2926 Maria Corner Suite 028
Lake Jeffrey, WY 33709"
327397857,3686735235,Texas,Houston,"1270 Barbara Mountain
Jamesmouth, VA 32295"
1882456141,504027486,North Carolina,Winston-Salem,"1052 Taylor Forge
Castilloton, DC 87547"
4107068352,5184479543,California,Sacramento,"89135 Tina River
Lake Jeffrey, NE 99083"
6540394237,2972346974,Illinois,Aurora,"USNV Reid
FPO AA 59073"
2589613400,735210099,Virginia,Arlington,"Unit 0462 Box 6265
DPO AE 16954"
5026360141,4819627007,Wisconsin,Milwaukee,"70906 Joshua Islands Suite 824
Brayside, SC 55012"
9571204045,4955232759,Wisconsin,Madison,"0014 Wright Mill Suite 578
Ponceview, DC 49238"
3878196722,2437258176,Virginia,Norfolk,"USNS Wallace
FPO AA 13553"
4781224563,3614113578,Alaska,Fairbanks,"PSC 3567, Box 2073
APO AP 34902"
9738776390,8528091884,Kentucky,Bowling Green,"227 Perry Pines Suite 808
Jessicafort, MH 06797"
3967687421,3029444831,Washington,Bellevue,"90458 Roger Center Suite 815
New Jason, OR 77352"
2552988187,8528091884,Virginia,Richmond,"5583 Cervantes Gardens
Ronnieburgh, GU 12511"
4184452698,6398315828,Wyoming,Laramie,"2292 Richard Groves Suite 598
Christophershire, KY 16822"
9213147896,1383785399,Tennessee,Clarksville,"63716 Andrew Lane
Port Howardchester, NH 16302"
2937164688,1539356156,Missouri,Columbia,"31023 Christopher Courts
Adamshaven, GA 39650"
7112857640,7602956872,Wyoming,Gillette,"51882 Lisa Plaza Apt. 312
Martinezberg, AL 95250"
2736392492,1266694285,Nebraska,Omaha,"06155 Terrell Roads
Guerraland, SD 03210"
6517542671,7634436960,Alaska,Anchorage,"USNS Calhoun
FPO AE 82090"
9877041304,8262463350,Texas,Dallas,"836 Zhang Branch
Lisashire, CO 60608"
8111182009,2303112319,Alaska,Sitka,"9331 Tara Crest Suite 984
Moralesbury, GU 33461"
8420253685,5852821717,Utah,Orem,"309 Noah Walk
Lindsayland, AR 62733"
9781135950,8236011523,Missouri,Springfield,"40042 Jackson Wells Suite 186
Raymondview, AR 03941"
9842049045,6574096909,Kansas,Overland Park,"2465 Jennifer Expressway
Gonzalezberg, NH 73445"
3787634159,2543453837,South Dakota,Brookings,"068 Melanie Streets
East Katelynhaven, MN 74959"
2612834830,7688757908,Louisiana,Lafayette,"53932 Juan Forks
New Keith, IA 47375"
4851066237,5664969846,Mississippi,Southaven,"139 Donald Walk Apt. 786
West Andrew, GU 18670"
1731496113,2516143706,Massachusetts,Cambridge,"7036 Rachel Bypass
West Heatherhaven, KS 24096"
6383161892,1683145855,West Virginia,Morgantown,"40040 Harris Turnpike
East David, MP 16418"
215153412,8114849032,Wisconsin,Madison,"2066 Zamora Mall
Patriciaburgh, FM 90843"
5060976981,3594001717,Wisconsin,Madison,"5030 Morse Trail
East Jorge, WA 61390"
9763625398,4853649251,Kentucky,Owensboro,"649 Bush Parks
Shannonburgh, WV 97650"
5219604024,8227997055,New Mexico,Rio Rancho,"8257 Holt Mountain
Blackshire, NE 43459"
165623720,7092260973,Illinois,Aurora,"8752 Gutierrez Spur Apt. 887
Gregoryborough, IN 56814"
9362742978,9861465904,New Hampshire,Manchester,"085 Moore Via Apt. 690
Jenniferberg, PA 73938"
6315367370,5833468831,Arkansas,Fayetteville,"1542 Thomas Burgs
South Heidiborough, GU 23393"
8130118212,5047897825,Utah,Provo,"0589 Crane Stravenue
West Kimberly, AL 38000"
2735532413,8707085821,Ohio,Columbus,"37367 Carol Plaza
West Williamchester, DC 64770"
1952725907,838197681,South Carolina,Mount Pleasant,"28633 Collins Islands Suite 391
Lake Audrey, CO 83349"
6141731347,8611703664,Kansas,Olathe,"5903 Michael Ford
New Matthewport, DC 02175"
8562375423,4043126425,Arkansas,Little Rock,"1385 Davis Knoll Apt. 894
North Jasonfort, MA 55474"
1781760901,41460390,Rhode Island,Providence,"63324 Oliver Pass Suite 747
East Jason, MT 24880"
5836758668,1722562390,California,San Diego,"5139 Miller Island
New Sarah, AS 58080"
8637778078,9539310714,Utah,Orem,"4616 Nancy Passage Suite 664
Lake Christineberg, VT 41791"
341550681,4230155358,Hawaii,Lahaina,"797 George Dam Apt. 666
East Kathy, WV 55088"
5186852723,6063582698,Kansas,Wichita,"863 Salinas Port Apt. 043
Port Deniseshire, IA 01278"
9776056285,8975734313,Kentucky,Covington,"3119 Michael Manor Suite 675
Lake Timothyview, RI 89703"
241267736,7965658331,Nevada,Reno,"827 Weaver Tunnel Suite 035
New Kevinstad, TX 33159"
8707499400,1173699525,Louisiana,Shreveport,"48535 Linda Vista
East Jacob, NC 08003"
4499462138,6608256433,Louisiana,New Orleans,"744 Madison Pines
East Eric, MN 06673"
6062232602,2336052097,Alaska,Sitka,"21599 Tiffany Forge Suite 493
West Sarahaven, WV 47045"
8910088073,4829652567,Vermont,Colchester,"56827 Dana Cliffs
Jessicaview, AR 71697"
7342502788,5394169528,Vermont,Rutland,"PSC 7613, Box 8769
APO AE 45719"
5582762444,3174503903,South Carolina,Rock Hill,"79713 Ryan Rapids
Joneston, DE 32760"
5695266228,5167374836,North Dakota,Fargo,"158 Thomas Drives
Matthewview, IL 85584"
3925009888,8870947929,Connecticut,Waterbury,"5204 Scott Knolls Apt. 590
West Robert, ND 18321"
5851405522,5429398529,New Hampshire,Manchester,"54003 Dickerson Ways Apt. 531
Castanedaland, VI 56660"
9443710852,413708071,Pennsylvania,Pittsburgh,"05598 Stevens Junctions Apt. 679
North Lisa, AR 83172"
1692379142,5965095014,Utah,West Jordan,"800 Foster Parkways Apt. 727
Lake Jeremyfurt, MS 12688"
8705026982,5105520975,Kentucky,Louisville,"94561 Smith Mount
New Victoria, DE 00604"
6178388068,8641256954,Arizona,Mesa,"065 May Mount Suite 734
Collinsside, NH 37779"
2141752111,3908985739,New Mexico,Las Cruces,"449 Nolan Roads
Brianfurt, GA 48450"
3486052697,212771649,Iowa,Des Moines,"91180 Andrew Fall Suite 012
Lake Kimchester, NM 97166"
6356793992,9374527876,New York,New York City,"51513 Daniel Ferry
South Shannonstad, MA 81950"
7897224790,3727859033,New Hampshire,Concord,"5379 Randy Terrace Apt. 160
West Pamela, SD 03653"
1053161546,9694720931,California,Los Angeles,"4718 Stanley Drives Apt. 194
Joelmouth, KS 71383"
7795424913,1945876504,Oklahoma,Oklahoma City,"526 Vanessa Mountains
West Joanbury, MA 69609"
3413209032,6378067082,Tennessee,Knoxville,"466 Norman Cliff
Haynesland, CO 76603"
6711317525,1875569058,North Carolina,Raleigh,"7014 Turner Street
New Lukehaven, ID 49870"
5631344078,5305417569,Oklahoma,Oklahoma City,"5598 Crawford Points
Lake Markstad, GU 33542"
2328657777,6246918719,Wyoming,Cheyenne,"924 Garcia Manor Apt. 111
Walterborough, MH 80223"
6598940289,1492208804,Kentucky,Owensboro,"0002 Michelle Cove Apt. 467
Ashleyborough, WI 59355"
4035984718,8785078325,Maryland,Frederick,"08756 Howard Springs
South Jonathanville, FM 81817"
2958591197,6160916988,North Carolina,Greensboro,"5009 Devin Valley
Lake Kayla, FM 39516"
8993926686,6040216916,North Carolina,Raleigh,"968 Russell Wall Apt. 620
New Caitlinside, ID 01269"
4555569118,8177042029,Alabama,Montgomery,"1961 Berry Shoals Suite 695
Hartmanland, FL 03977"
4997858621,3451103687,Michigan,Detroit,"159 Martin Plain
West Veronica, OR 09799"
5432564674,113493910,Hawaii,Kailua,"82540 Donna Villages
North Jessica, WY 55937"
4427405776,1295371863,New Jersey,Elizabeth,"90373 Lori Ramp Apt. 522
Hodgesburgh, GA 33031"
1284499864,2270794558,West Virginia,Huntington,"21609 Daniel Trace Suite 747
Port Sheri, AR 43666"
2123642315,606902405,Illinois,Springfield,"5953 Pena Course Suite 192
Masonport, VI 72669"
6282386187,8807450314,Iowa,Cedar Rapids,"99265 Wagner Ford
Jasonton, GA 78852"
9134769474,6164252195,Utah,West Jordan,"848 Sanchez Place Suite 924
East Yolandamouth, WV 15571"
2617536901,3986271860,North Dakota,Minot,"729 Marquez Fort Apt. 195
Mahoneyland, SC 73361"
671868411,1227245434,California,Los Angeles,"8521 Madison Neck Suite 492
Port Daniellemouth, TX 21817"
2949892917,8449182369,South Dakota,Rapid City,"83032 Christopher Club
North Ericborough, VI 24154"
266039746,6844826907,Vermont,Essex,"9364 Martin Course
East Brian, IL 13291"
2291573988,5842884890,Ohio,Columbus,"8463 Erickson Course
Frenchview, MA 04629"
3263151059,9104263293,Vermont,Essex,"Unit 5529 Box 6624
DPO AA 12014"
9622100432,3368331491,Nebraska,Kearney,"Unit 1875 Box 6933
DPO AE 86553"
6284880518,9619268036,Oklahoma,Broken Arrow,"4184 Anthony Branch
Port Mark, KS 96339"
8069782950,6521604484,Nevada,Henderson,"819 Emily Ville Suite 946
Port David, LA 19440"
9254011908,6062900718,Oregon,Portland,"268 Davis Trail
Hamiltonburgh, HI 45957"
8737107663,6202115427,Oregon,Hillsboro,"87214 Zuniga Creek
Sharonland, MI 17236"
8944433785,8510333836,Pennsylvania,Erie,"44784 Whitehead Ports Apt. 125
Henrymouth, GA 98955"
1127433069,5024512476,Rhode Island,Warwick,"3009 Arthur Views
Pattersontown, ID 31651"
9314560995,7493914785,Nevada,North Las Vegas,"173 Frederick Lane
Destinyland, KY 41272"
7104000788,5905005887,Vermont,Essex,"93619 Garrett Mission Suite 250
New Richardberg, MT 48344"
3903786402,3717377181,Hawaii,Lahaina,"887 David Curve
East Sherryland, RI 32583"
7454911181,6922819339,West Virginia,Charleston,"06795 Kristen Circle Apt. 212
New Donnahaven, MI 88688"
9757104156,9651331920,Minnesota,Duluth,"USNS Zhang
FPO AP 37833"
5766961811,6036354272,Minnesota,Duluth,"5112 Parker Course Suite 779
East Brandonmouth, MP 55749"
4812097258,1290788436,Florida,Miami,"655 Cain Ford
Port Hannah, WY 98268"
7732593886,7416947187,South Carolina,Columbia,"17375 Anderson Parks Suite 789
New Katie, NM 60897"
485545844,6609232538,Maine,Bangor,"606 Amber Light
Lake Reneefurt, MO 76065"
554769908,541469577,Wyoming,Casper,"8530 Chelsea Course
South Andreastad, ND 04668"
2852609232,2693294708,Colorado,Aurora,"79689 James Islands
East Billyfurt, WV 43273"
3380147424,9993027910,Delaware,Middletown,"786 Gibbs Roads
North Scottfurt, WV 02990"
8300375284,2042147700,Nevada,Sparks,"13550 Stone Corners Suite 340
Cameronville, NV 18760"
2368103587,5701452310,Colorado,Denver,"112 Jackson Drives Apt. 145
Wrightside, TX 69621"
732191880,3953038387,Missouri,St. Louis,"62922 Chris Underpass
Foxborough, AK 01791"
9348147718,9441114581,South Carolina,Charleston,"22642 Clements Freeway Apt. 043
East Katherine, MH 36462"
603887295,876076747,Georgia,Atlanta,"173 Chang Grove
East Benjaminport, ID 47402"
9976304603,314372164,New Hampshire,Derry,"22312 Burns Trail Apt. 427
Ellisonchester, NH 11738"
4105960235,9648283348,South Dakota,Watertown,"2252 Debra Motorway
Dakotabury, NE 12311"
5663499427,6244882353,North Dakota,West Fargo,"188 Evans Summit
Port Regina, LA 57273"
9847527442,1141686827,Alaska,Anchorage,"4357 Walter Path Apt. 432
North Michaelview, WI 52921"
5606604202,1969461407,South Carolina,Mount Pleasant,"22475 Hays Mill Apt. 329
Lake Tara, WI 36432"
8412382654,2405518581,Kentucky,Lexington,"069 Anderson Junctions
Hamiltonville, AL 68446"
9914711467,7607155999,Nevada,Henderson,"150 Melissa Mills Apt. 784
Ryanland, OR 97655"
8879788516,3847679567,Ohio,Cleveland,"830 Payne Burg Apt. 515
Sullivanfurt, GU 28812"
6727767352,5144355935,Pennsylvania,Allentown,"45315 Ronnie Point Apt. 384
Richardsonland, IL 01567"
5518747277,3014151970,Pennsylvania,Erie,"06328 Fuller Light
North Nicole, SD 76106"
8318777393,2641015163,Arizona,Phoenix,"5451 Kelly Manor
Pacehaven, DC 80564"
5557489014,6528085232,Connecticut,Hartford,"72922 Craig Drives
West Ryan, KY 98822"
979812072,9064278093,South Carolina,Charleston,"531 Javier Plains
Craighaven, ND 22239"
2012083658,6678092925,Hawaii,Kailua,"64448 Evans Crossing
Woodborough, PR 67283"
9483987119,3458807491,Iowa,Cedar Rapids,"35922 Lisa Park
Shawnfurt, TN 38077"
3710801726,6434634914,Georgia,Columbus,"16885 Bonnie Drive Apt. 866
Carolynhaven, ND 97274"
4200550201,8123476328,Arizona,Chandler,"2999 Hernandez Vista
Mcintyreview, WA 54649"
4312305116,3003987240,Arizona,Tucson,"2700 Tyler Hill Suite 478
Andersonville, ID 49197"
4532582960,7411841715,Utah,West Valley City,"50144 Eric Passage
West Gregorymouth, IL 29488"
273028400,4980934788,South Carolina,Mount Pleasant,"122 Adrian Heights
Fowlerton, LA 66015"
2073132916,6258744377,Oklahoma,Norman,"16390 Howard Road
South Matthewhaven, TN 20592"
3876026675,2826262027,Alabama,Montgomery,"81406 Rhonda Rapids Apt. 340
East Barbarabury, UT 40287"
7693984401,449797408,Massachusetts,Springfield,"05609 Monica Ridges
Port Nathan, FL 94960"
1651454416,3011771902,Arizona,Chandler,"Unit 5064 Box 6560
DPO AE 37094"
7673872111,9499981481,Florida,Jacksonville,"52810 Michele Gateway Apt. 473
Leetown, PW 15027"
7998020201,4800553589,Massachusetts,Cambridge,"72261 Ross Square
Johnstad, LA 12132"
8241390984,8195751347,North Dakota,Grand Forks,"75523 Davis Streets Apt. 576
Dawnside, NC 88215"
2917456724,4449030526,North Carolina,Winston-Salem,"4255 Mack Mountains
Nicholasland, SC 00661"
184780911,6128097839,Ohio,Toledo,"Unit 0766 Box 9773
DPO AA 16172"
3254855626,8139408545,Oregon,Salem,"Unit 8852 Box 5330
DPO AE 25958"
7165072777,6141900961,Alaska,Anchorage,"607 Roach Hill
Catherineshire, FL 00532"
1571190008,9597309123,Georgia,Augusta,"3480 Carla Green Apt. 181
South Keithview, PA 87663"
459540716,8290847169,West Virginia,Charleston,"796 Gray Locks Suite 945
Lambshire, AZ 24057"
3080107380,5269429933,Rhode Island,Providence,"7040 Amanda View
New Vanessatown, PR 67484"
616892942,8628472298,North Carolina,Durham,"20213 Sullivan Forge
Port Danielburgh, FM 33091"
6189559690,7715373377,Louisiana,Lafayette,"1031 Mark Rest Suite 142
Ryanton, AK 38975"
6086957867,5572396934,Vermont,South Burlington,"9728 Karen Valleys Apt. 577
Lake Andrew, MD 33121"
6982654613,2109666400,Maine,Portland,"USNS Obrien
FPO AE 05167"
294604508,7999002889,South Dakota,Watertown,"93592 Strickland Keys
Johnsontown, MA 63784"
6078259583,8124445049,New Jersey,Elizabeth,"4080 Kathleen Prairie Suite 182
North Erinside, GA 66341"
1972357696,1637075985,Indiana,Evansville,"10031 Silva Circle Suite 384
North Jessica, FM 81697"
4816467450,6789212835,Illinois,Rockford,"PSC 5711, Box 8956
APO AP 57909"
9185586399,4829652567,Massachusetts,Worcester,"22886 Ferrell Glen Apt. 237
Bowersmouth, AK 11470"
150983695,3514560552,Maine,Portland,"1789 Kaiser Forges Apt. 723
Lisaport, NY 75891"
2089482892,9210704692,New Mexico,Santa Fe,"20420 Melody Mountain
Lake Brianberg, MO 30449"
3899914808,1809289116,New Jersey,Paterson,"480 Amanda Meadows
Lake Gina, AL 20480"
1787776898,6666097787,Texas,Austin,"96010 Miller Circle
Russellborough, CT 35248"
7222815855,4599051894,Hawaii,Lahaina,"PSC 6291, Box 3051
APO AA 97493"
6824989459,3981350307,Wyoming,Laramie,"434 Jeffrey View
Andersonstad, ID 61393"
9649580524,590790431,Wisconsin,Milwaukee,"PSC 4197, Box 0249
APO AP 44675"
7625543396,3586321867,Massachusetts,Springfield,"Unit 9416 Box 5438
DPO AE 85322"
7553145598,6598894134,Illinois,Chicago,"99897 Scott Trail Apt. 580
Amandaland, IL 74973"
5372283024,5328075541,Texas,Houston,"655 Michelle Prairie
New Christopher, CA 63618"
6953771482,6223762113,California,Sacramento,"84894 Mark Haven
West Vanessa, MT 19381"
4710658997,2156008767,Arkansas,Jonesboro,"USCGC Castro
FPO AA 03236"
1237552462,8504319943,Idaho,Idaho Falls,"PSC 3219, Box 2246
APO AE 40202"
8591924817,9265692689,Vermont,Burlington,"USCGC Summers
FPO AA 46244"
5003695075,1821240564,Maine,Auburn,"429 Brooks Crest Suite 737
Lake Brandon, ID 24380"
1936460956,9172284220,Alaska,Sitka,"7997 Alexander Isle
Popeborough, ID 71965"
3839686784,1250557038,Oklahoma,Edmond,"49030 Miller Place Apt. 365
Mitchelltown, AR 46112"
9397042587,4637632508,New Hampshire,Dover,"5667 Medina Ways
East Madelineside, HI 74854"
3083850481,3174503903,Oklahoma,Tulsa,"7253 Blair Ridges
Taylorberg, FM 13716"
4377855216,106089803,Connecticut,Bridgeport,"1178 Edwards Drive Apt. 370
Palmerfort, CO 10543"
2329215192,7104648615,Colorado,Colorado Springs,"9322 Frederick Locks
Clintonview, FM 03370"
9116166530,8864804492,Kansas,Topeka,"850 Allen Spring
Markport, SC 87523"
6188913187,978192327,California,Sacramento,"785 Lopez Parkways Suite 974
Costafort, UT 63045"
8224328235,8319494353,Alaska,Anchorage,"6865 Kyle Glen
Santosside, AS 09648"
1266563531,2233415975,Oklahoma,Edmond,"52869 Rebecca Lake Suite 727
Beckyborough, DC 30932"
3758144009,1356617853,Massachusetts,Lowell,"3934 Craig Islands
West Willieton, VI 05176"
2414980248,2822266053,Alaska,Ketchikan,"2408 Kelsey Camp Apt. 099
Wattsburgh, NC 48443"
9561346183,5192401645,Utah,Salt Lake City,"36887 Wayne Springs Suite 371
Gonzalesburgh, CO 71415"
4904348477,8561798462,Utah,West Jordan,"1576 Peter Route
Lake Melissa, TN 75065"
7382046920,7737716076,Rhode Island,Warwick,"21460 Gilbert Knolls
Hollyland, TX 93167"
4186922500,636881147,Pennsylvania,Allentown,"674 Rodriguez Walks Apt. 199
North Timothy, VA 79893"
6549449875,3855958123,Oklahoma,Norman,"2618 Gabriela Views Suite 029
Codyville, NH 29494"
2159755638,5938565495,Pennsylvania,Reading,"Unit 1043 Box 6341
DPO AA 00646"
7960133975,5345095319,New Mexico,Albuquerque,"43824 Anderson Field
West Yvonne, SD 92687"
1303428927,1637855104,Montana,Butte,"588 Graham Center
Lake Bruce, AK 05837"
9842663761,8859444702,New Jersey,Paterson,"608 Morgan Streets Suite 630
Fredtown, NJ 52469"
6503540660,4049655556,Massachusetts,Lowell,"398 Christopher Green
North Brett, NM 33474"
7490017366,892504061,South Dakota,Rapid City,"571 Garcia Wells Suite 938
West Colleenmouth, HI 80142"
7268806388,1715414754,Arkansas,Fort Smith,"0384 Castro Circle
Lake Victorborough, IL 39147"
236086961,6132614949,North Dakota,Fargo,"431 Jeffrey Route
Ryanfurt, OH 32173"
5127379611,8242080554,Alabama,Huntsville,"90670 Brown Rue
Michelleshire, VA 53324"
8213873449,4545305295,Rhode Island,Warwick,"9402 Sophia Ramp
South Seanbury, VA 11572"
9961617525,1807566095,Delaware,Smyrna,"70464 Werner Extension Apt. 500
North Tracy, FM 71629"
9290897439,1734834338,North Carolina,Durham,"84713 Margaret Village Apt. 807
Andrewmouth, HI 57769"
4467577036,5211008364,Maine,Lewiston,"25926 Rhonda Loop Apt. 827
Lake Philip, AS 51505"
3934029321,3026900741,Michigan,Detroit,"2738 Justin Union Apt. 389
Lake Melissashire, KY 72336"
2342266535,8644308274,Arizona,Mesa,"9610 John Crossroad Suite 346
Ashleystad, IL 45088"
7554924399,8970012969,West Virginia,Wheeling,"6296 Thomas Groves
South Joan, CT 00624"
5029052098,2668941297,West Virginia,Wheeling,"16857 Terry Brook
East Maria, WA 30978"
6143326448,8193985903,Alaska,Fairbanks,"23788 Andrew Mount Apt. 451
New Kevinhaven, MN 86403"
7564184688,5250873443,Vermont,South Burlington,"84814 Schmidt Forge Suite 464
Matthewstad, PR 41089"
40305933,5881692264,Georgia,Augusta,"873 Amber Heights Suite 250
New Kristopherhaven, MO 51868"
7563512527,9670987661,California,San Jose,"515 Harris Land Suite 564
Williamfurt, NJ 03983"
8110526165,4819987538,Massachusetts,Cambridge,"6088 Terri Hills Suite 584
Andreachester, AS 54030"
8133098252,2998083449,Colorado,Fort Collins,"5809 White Prairie Apt. 853
Samuelbury, LA 64891"
8749087549,3788268307,Minnesota,Duluth,"558 Smith Garden Suite 112
Port Corey, OH 50339"
1659933175,7769725162,Colorado,Fort Collins,"76663 Clark Glens Apt. 453
Robertsfort, PA 85751"
5383610931,8673625492,Nevada,Las Vegas,"6735 Jennifer Isle Suite 452
North Patrickshire, VT 71482"
7297111541,5391932526,Virginia,Newport News,"878 James Canyon Suite 148
North Kariton, RI 42429"
2790035937,9589782388,Minnesota,St. Paul,"5859 Riley Hollow
Smithbury, NH 42271"
4889236954,7774712733,Illinois,Chicago,"Unit 2742 Box 3599
DPO AE 06287"
8024684970,750992070,Rhode Island,East Providence,"019 Dwayne Hollow
Rodriguezbury, MS 72652"
9960296347,8742764760,Kentucky,Bowling Green,"680 Ford Green
South Michaelchester, MT 27031"
2625470924,6394012177,Wisconsin,Kenosha,"6518 Mary Lane
West Matthewbury, GA 63070"
8849273408,7567250253,Maryland,Frederick,"843 Kaiser Knolls Suite 569
West Ryan, NH 91769"
4937201970,4795261624,Alabama,Montgomery,"88138 Robert Canyon Apt. 267
New Jessica, VI 79439"
8067111069,7352674175,Maryland,Rockville,"135 Cox Crossing
Port Kim, SC 92373"
9088863211,8600040986,New York,New York City,"089 Robinson Island
Ferrellfurt, VA 70576"
4814703022,9728142516,Missouri,Springfield,"27005 David Burg
Peterhaven, PW 15366"
1195579719,1003821439,Alabama,Birmingham,"USS Daniel
FPO AP 84790"
80894234,4273308190,Nevada,North Las Vegas,"135 Mckinney Curve
Roberthaven, WV 53590"
2919889193,6799500146,Rhode Island,Warwick,"71940 Wendy Burg Apt. 617
Loriborough, NV 35857"
7783992814,5150479166,Arizona,Phoenix,"USNV Watson
FPO AE 43145"
8678740552,6364955058,Vermont,Colchester,"871 Brown Passage Suite 802
New Scottborough, FM 19514"
6900938395,9429145142,Rhode Island,Cranston,"3261 Hill Row
Port Cherylmouth, AZ 21381"
7140513888,9301762133,Wyoming,Laramie,"045 Haley Mountain
North Shawnshire, ID 05247"
7005546688,8216323468,Oregon,Hillsboro,"43581 Ethan Plains Apt. 468
Garrettstad, MI 13885"
2263123832,3876876724,Vermont,South Burlington,"PSC 7101, Box 6308
APO AA 52206"
9126562899,9777561463,Oklahoma,Oklahoma City,"14960 Chad Canyon
Marquezview, CO 97820"
8621574209,9593618679,Vermont,Rutland,"2480 Graves Station Apt. 297
East Helenborough, TN 68944"
2676383714,2961695086,Georgia,Savannah,"48167 Geoffrey Drives Suite 098
Vaughanside, CA 31106"
2740051915,9086723081,Kansas,Wichita,"2760 Todd Views Suite 735
New Jamesside, FL 77549"
4888482605,5333296839,Oregon,Eugene,"6268 Young Mountain
Williamport, WV 22004"
9397972970,8258646600,Nebraska,Grand Island,"370 Lawson Stream Apt. 228
East Michael, AZ 28328"
3572622329,7357132235,Mississippi,Hattiesburg,"754 Brittany Stravenue
Harrismouth, KY 32153"
6042239371,66975536,Montana,Bozeman,"59124 Buchanan Extension
East David, OR 30150"
3458441589,1800453901,Wisconsin,Milwaukee,"3996 Hughes Stravenue
South Nicholas, LA 53287"
7232578184,130946999,Ohio,Akron,"34420 Hill Street
Lake Michael, MH 46706"
1989983075,8728339881,California,Los Angeles,"752 Eric Hills
South Cindyborough, OH 19718"
6051329569,1893364108,Wyoming,Rock Springs,"22205 Cody Well
South Julie, IA 33047"
5460462471,546007123,Washington,Seattle,"378 David Mount Suite 798
Ericborough, MN 52779"
5485435246,3901077093,Delaware,Smyrna,"4493 Haas Manors Apt. 638
Guzmanfort, NM 39582"
2437320226,2212829111,Arizona,Mesa,"Unit 7622 Box 4468
DPO AP 33886"
3565168989,5203564161,Kansas,Overland Park,"7832 Michael Junction
Fowlerchester, AR 23146"
4853575072,8608310892,Virginia,Norfolk,"383 Justin Summit
Port Jeremy, SC 71332"
7322716508,5505507286,New Hampshire,Concord,"270 Rebecca Flats Suite 524
Lake Roberttown, ND 74682"
6101233031,8644308274,Oklahoma,Broken Arrow,"417 Patricia Shoal
Yuland, MP 01799"
4053612659,8411629923,Virginia,Arlington,"6947 Wood Crescent Suite 129
South Jennifer, IL 87020"
8510570687,172119998,Louisiana,Baton Rouge,"PSC 8708, Box 2491
APO AA 94457"
526515048,670077381,Rhode Island,East Providence,"20674 Johnson Falls Suite 025
North Tonya, DE 68306"
8020628420,5461300614,West Virginia,Huntington,"480 Jessica Parks
West Kevinstad, AR 65609"
4923386050,7086991230,Massachusetts,Cambridge,"7918 Richard Oval
North Stacyland, MO 50543"
2076996409,4015265134,Hawaii,Hilo,"303 Douglas Expressway Suite 784
Mendezborough, ND 26344"
8286166194,2583583830,Vermont,Colchester,"10883 Sharon Valleys
South Dana, HI 27019"
7686886552,5683579900,Florida,Tampa,"PSC 3121, Box 9311
APO AE 62342"
2377290716,8617021612,Louisiana,Lafayette,"777 Jackson Lake Suite 263
Julieburgh, FL 55088"
5428890925,1148484031,Delaware,Wilmington,"98682 Richard Loaf
North William, SD 99415"
9989410044,8084008386,Kentucky,Owensboro,"901 Wendy Shoals Suite 834
Willieton, NY 82400"
5163347648,7504841169,South Carolina,Columbia,"USNV Miller
FPO AP 65534"
9325132853,5063974817,Nevada,North Las Vegas,"19711 Perry Radial
Morganborough, AK 67198"
2355833884,568963008,California,San Jose,"66261 Barrett Brooks Suite 947
Harrisbury, DC 49858"
8600513739,8278503520,Mississippi,Gulfport,"01247 Cody Lakes Apt. 795
East Patricia, UT 40700"
2039674802,6789794660,West Virginia,Morgantown,"7490 Dillon Burg Apt. 752
Julieview, WA 68230"
8151847706,2200062812,Arizona,Glendale,"80208 Robert Mountain Suite 369
East Michaelburgh, RI 62170"
6761420274,9244909026,Arizona,Tucson,"6306 Lewis Brook Apt. 118
Lake Rebeccabury, MS 20959"
4325940094,3369749787,Minnesota,Minneapolis,"2157 Huynh Courts
Yangside, CT 23106"
2279389293,6045581955,South Carolina,Mount Pleasant,"PSC 1857, Box 1310
APO AE 31731"
6371072595,2789679759,Delaware,Dover,"20031 Ashley Centers
Kelleyhaven, DE 26727"
3307196859,4873392857,Utah,Orem,"674 Morris Coves
Nicoletown, NC 66078"
3602653669,6153777295,Texas,Austin,"347 Teresa Lake
East Scotthaven, PA 15031"
7827992514,6404637838,Missouri,Springfield,"151 Rice Ranch
Riveraberg, PR 21969"
9842918632,2082057547,Maine,Bangor,"USCGC Thomas
FPO AP 39884"
6894219180,8963304944,Alaska,Sitka,"63687 Mariah Row Suite 689
Salasmouth, VI 45243"
7589709550,8545021926,Washington,Tacoma,"64938 Madison Junctions Suite 670
North Jeantown, CT 68237"
5918561953,6101020918,Mississippi,Southaven,"86954 Bonnie Springs Suite 517
South Valerie, IN 68784"
3908894449,4690747890,Indiana,South Bend,"198 Casey Prairie
Taylorburgh, MN 31736"
2914087964,3912121375,Vermont,Burlington,"USNV Larson
FPO AA 32166"
7342922367,2204560579,Vermont,Burlington,"13241 Ruiz Manor
South Matthew, ID 74624"
5887604263,1094189086,Minnesota,Rochester,"5248 Maria Green Suite 444
Mirandachester, MN 07175"
5603364621,5471862677,West Virginia,Parkersburg,"276 Davis Brook Apt. 992
Aprilview, ME 29961"
6400206465,6375422201,Maryland,Hagerstown,"0374 Page Path
Lake Jamesbury, DE 33787"
3682544578,5453449165,North Dakota,Bismarck,"85567 Buckley Mountains
Mooreborough, WA 40403"
8518955319,1607260429,Alaska,Anchorage,"9796 Eric Roads Suite 550
Carsonshire, UT 56539"
4411213211,2797781289,Oregon,Hillsboro,"892 Kim Loaf
Johnshire, UT 27442"
9195492447,8891995122,Oregon,Portland,"14010 Galvan Mountains Apt. 520
New Brandon, WV 13639"
765986413,7572521422,Kansas,Wichita,"7706 Kathy Run
Port Jeremyland, DC 20546"
9951341839,6192382065,Missouri,Kansas City,"74009 Marshall Key
South Jimmyburgh, UT 42362"
8345590367,4316406636,Montana,Bozeman,"2370 Suzanne Plaza
North Kimberlystad, VT 31853"
3037053135,685999338,Montana,Great Falls,"31547 Christina Drive
New Dianeborough, ND 35711"
7234879679,8840378364,Missouri,Columbia,"405 Rodriguez Glen Apt. 881
Garzabury, LA 37181"
6572876675,1458866350,Texas,Fort Worth,"1500 Joseph Park Suite 643
Lake Jasminemouth, MP 77002"
3629905118,4897539071,Mississippi,Gulfport,"70694 Tanya Well
Port Deborahport, GU 60389"
1441302644,6893036009,Montana,Butte,"190 Larry Harbor Apt. 262
Cynthiachester, MI 67015"
6388826025,4242233110,Arkansas,Jonesboro,"222 Anna Summit Suite 406
North Jasmine, ND 61721"
1786487409,632684969,Idaho,Nampa,"8966 Collins Crescent Suite 951
East Stephen, OH 63897"
120141546,4486083055,Washington,Vancouver,"27197 Leslie Plaza
Port Mollyshire, WV 75939"
3987373489,7912682550,New Jersey,Newark,"Unit 7400 Box 9477
DPO AA 79818"
4365889068,7732062493,Iowa,Cedar Rapids,"811 Mccall Freeway Suite 754
Clarkmouth, FM 37594"
606008614,7241716852,California,San Diego,"USS Aguilar
FPO AA 56880"
3050653185,3448688996,Maryland,Baltimore,"7924 Thompson Drives
Williamsborough, HI 71116"
2414856736,5604969506,Minnesota,Rochester,"306 Rose Trafficway
Castromouth, MO 94113"
6704755511,5232520762,New Jersey,Paterson,"394 Michael Stravenue
West Tylerville, KY 52321"
8998021424,9085629514,New York,New York City,"40866 Reyes Stravenue
Scottside, NM 56817"
5547557797,2684815599,Delaware,Smyrna,"1492 Wilkerson Unions Apt. 416
Michaelview, WI 00795"
6033712495,5442630932,Indiana,South Bend,"Unit 6254 Box 1196
DPO AP 29636"
1421214572,2741206558,Utah,West Valley City,"1394 Wallace Isle
Lake Zacharyville, ID 86509"
8344620737,2807636879,Kentucky,Owensboro,"9216 Randy Ways Apt. 658
New Robertmouth, SD 78921"
1784293959,1121929363,Nevada,Sparks,"97713 Rhonda Parks Suite 113
Port Jamie, CO 71749"
7889858479,9730819177,New Jersey,Paterson,"127 Melissa Field Apt. 546
West Heather, NJ 87160"
1469550167,8391540188,Missouri,Columbia,"Unit 9314 Box 7993
DPO AP 85647"
9537684825,950217162,North Dakota,West Fargo,"348 Kane Causeway
Reginaldchester, WY 80674"
7157202248,1458009825,Hawaii,Kailua,"8648 John Trace Suite 907
Sharonside, MN 04507"
6833183331,9693013575,Virginia,Virginia Beach,"41602 Craig Springs
Lake Jason, MD 57323"
9899307717,6311073558,Alaska,Fairbanks,"36123 Caldwell Shore Suite 164
Laurenchester, ID 84988"
7665519901,4758194397,Arizona,Phoenix,"2413 Norman Trace
Chenhaven, IN 04985"
2922808637,9569450337,Colorado,Lakewood,"USS Madden
FPO AE 20092"
6203702795,8096162068,Florida,Fort Lauderdale,"0266 Bell Mountains Apt. 598
East Nancy, CA 02110"
8692241874,4210788314,Montana,Great Falls,"USNS Palmer
FPO AP 91017"
5524106136,1800453901,Iowa,Davenport,"7259 Gonzalez Mills Suite 511
South David, NH 64942"
2341288251,6837834891,West Virginia,Parkersburg,"665 Mitchell Lakes
Lake Christopherstad, IA 18355"
7996626729,357283286,Mississippi,Southaven,"55875 Butler Shore Suite 899
New Dana, FM 76404"
4343996087,8438581219,Washington,Seattle,"06502 Gilmore Spring
North Frankland, NV 12629"
369952713,7389937008,Maine,Lewiston,"20328 Alyssa Viaduct Apt. 506
East Martinfurt, NV 88108"
3743187935,6078446232,Ohio,Toledo,"08239 Torres Isle
Grimesland, IN 78062"
7733563625,7460168661,Maine,Bangor,"573 Kenneth Club
West Emily, OH 03645"
9907499016,6796560217,Wyoming,Rock Springs,"55348 Zhang Field
South Zachary, DE 31624"
1102458359,3183575472,Rhode Island,Warwick,"80025 Jason Forges Suite 319
Simmonsfort, WA 51280"
1437329003,1567250845,Maryland,Hagerstown,"PSC 2593, Box 7889
APO AA 55925"
3626752598,9864371740,Colorado,Fort Collins,"7646 Leslie Landing Suite 743
Port Brooketon, CA 52224"
1033701144,501646302,Nebraska,Kearney,"0068 Kevin Spurs
North Ryanville, GA 43748"
9370986271,1181960409,South Carolina,Rock Hill,"USNS Davis
FPO AE 20897"
4407681516,614906917,South Dakota,Watertown,"903 Coleman Ranch Suite 271
Kathrynchester, LA 17198"
9463130005,8806414524,Kentucky,Lexington,"3859 Stacy Squares
Vanessaport, NY 06594"
2126078041,7062868620,South Dakota,Sioux Falls,"41637 Amanda Place Apt. 064
South Joshua, KS 23071"
285114192,8970012969,Georgia,Atlanta,"2900 Cooper Light Apt. 428
Stewartchester, AZ 64408"
270698939,8948661566,Michigan,Detroit,"4131 Laura Via
Lisaborough, MO 62157"
4846333852,9016138380,Alaska,Juneau,"5133 Clark Spur Suite 110
South Matthewborough, TN 47738"
9021570400,6855347814,Michigan,Flint,"PSC 5063, Box 0634
APO AP 78401"
4733331306,4102874808,Mississippi,Gulfport,"315 Raymond Creek Apt. 078
Jenniferside, NJ 93170"
9223823861,5758165053,New Jersey,Paterson,"71588 Benjamin Mountains
Hoffmanmouth, ID 24282"
4478659340,721073076,Virginia,Virginia Beach,"05732 Rivera Ridges
Port Arielside, MT 57854"
9274438876,5319708708,South Dakota,Aberdeen,"79940 Terrence Village
Port Rebeccafurt, TX 14070"
1508008798,1471059493,Utah,West Valley City,"869 Mccormick Port Suite 367
Sancheztown, NC 35841"
6474471913,7839377291,Tennessee,Nashville,"PSC 2718, Box 4209
APO AE 83956"
8782347217,8357103267,West Virginia,Huntington,"89439 Brian Port
Smithshire, AK 66588"
3470013924,6796560217,California,San Francisco,"2812 Rebecca Mill Suite 859
West Bradleyton, TX 99856"
3203922636,1092116212,Minnesota,Rochester,"PSC 3405, Box 6150
APO AE 93147"
4469445599,4284454294,Washington,Vancouver,"12607 Mandy Shoal
South Gracehaven, NV 94039"
6639171835,826566149,Colorado,Lakewood,"695 Rios Fort Apt. 036
New Markfort, NC 99394"
1772775522,5196368039,Arkansas,Fort Smith,"27013 Moore Glens Suite 741
Christophershire, AK 68149"
4835657563,6014139654,Louisiana,Lake Charles,"963 Saunders Light Apt. 056
East Thomas, OH 73287"
2132514888,5067979703,Connecticut,Stamford,"35024 Johnson Trail Apt. 186
Hughesville, NE 29086"
3651926689,8192831765,Illinois,Peoria,"0738 Whitehead Junctions
Blakebury, FM 03435"
8808055104,7239335864,New Mexico,Roswell,"97213 Burns Light
Dixonstad, MI 99114"
1801251001,4370783913,Wisconsin,Racine,"05719 Baker Ports Apt. 073
South Tammy, MD 52162"
9758735232,892504061,Montana,Great Falls,"PSC 9454, Box 4963
APO AE 55354"
8349420179,605176066,Washington,Tacoma,"950 Walters Isle Apt. 721
Kelseyside, MH 31659"
5512868229,9585299281,Virginia,Virginia Beach,"6418 Nicholas Divide
Nicoletown, OH 39483"
5046941924,3893710025,Iowa,Cedar Rapids,"577 Jimenez Springs Suite 728
Port Maria, SD 93308"
7149293819,8773767514,New York,Yonkers,"2007 Brianna Divide Suite 514
South Danny, FM 35114"
2234123000,9181679926,Maine,Portland,"540 Joshua Alley
Miafurt, ME 67867"
6158168522,5569827376,Virginia,Richmond,"357 Tara Walks
Craighaven, PA 65729"
5403243339,8870574084,Michigan,Flint,"264 Kim Islands Suite 943
Justinville, OH 34471"
4243112307,28483823,New Hampshire,Nashua,"78877 Wood Plains
East Jamesbury, GA 97890"
9676069912,7426954052,North Carolina,Charlotte,"621 Erica Passage Suite 648
Port Jacob, IA 91877"
8918913268,2481111088,Wisconsin,Green Bay,"5564 Campbell Square
North Teresahaven, NC 06575"
9607588174,2728310620,Washington,Bellevue,"3795 Lindsey Islands Apt. 052
Danielleborough, SD 72809"
9174388622,9082137218,Maryland,Rockville,"USNS Harvey
FPO AE 92079"
5109106089,2337639221,North Carolina,Charlotte,"546 White Plains
Danielhaven, CT 05101"
4072031379,2822296820,Mississippi,Hattiesburg,"7946 Haas Village Suite 656
South Madeline, MT 27011"
566493480,41683230,Connecticut,Stamford,"6180 Pamela Forks Suite 743
Joneschester, TX 97595"
9717186717,9003864747,Texas,Fort Worth,"23795 Foster Brook
New Nicole, NV 81916"
8643007767,5441615740,Louisiana,Shreveport,"6551 Michael Shores
Jamestown, WA 56048"
1301676553,3522351253,South Carolina,Columbia,"4196 Reed Rest Apt. 715
Johnsonside, MN 27858"
5013619426,7802851503,West Virginia,Wheeling,"289 Peters Vista Apt. 631
Mariastad, AR 75687"
1323714492,7535350710,Minnesota,St. Paul,"04355 Wilson Turnpike
North Debraland, VT 64194"
8587039405,9195497808,South Dakota,Aberdeen,"0199 Justin Land
Thomaston, KY 51938"
7349298210,5083423904,Wyoming,Gillette,"906 Thomas Courts
Christopherland, WA 03532"
2942161995,9659273415,Kansas,Olathe,"PSC 1051, Box 1627
APO AA 16603"
8881018268,3662818825,Georgia,Savannah,"337 Smith Tunnel
South Lindashire, NC 68849"
23987006,150881889,Missouri,Springfield,"73522 Sanders Ways
Daniellebury, NM 37857"
5176386461,6006335692,Minnesota,Minneapolis,"657 Megan Key
East Donald, WI 68185"
8710338487,4776725038,Nebraska,Bellevue,"3344 Pruitt Points Apt. 626
East Jason, VI 04186"
5526708053,814971606,Alabama,Mobile,"6876 Sullivan Ferry
Nguyenstad, PW 75043"
7734211431,4201614329,Tennessee,Clarksville,"03559 Bethany Court Apt. 695
South Robertfort, WY 50196"
7747660419,1562161952,South Carolina,Columbia,"6962 Heather Turnpike Apt. 466
Samanthamouth, WI 83018"
8002733910,2385795692,Wisconsin,Green Bay,"970 Jamie Radial
Port Matthew, ID 96400"
6867195261,9232121358,South Carolina,Charleston,"1201 Phillip Forge
North Christopherland, KY 17018"
3159480124,5339795564,New York,Rochester,"9478 Taylor Court Suite 302
Lisaport, NE 27885"
6256675324,8695266744,Colorado,Lakewood,"16798 Bender Villages Suite 718
South Mary, KY 27720"
585818059,9282390044,South Dakota,Aberdeen,"6093 Danielle Stream
Lake Josephville, PR 25538"
4110881094,3035538127,South Carolina,Mount Pleasant,"25357 Sims Spur Suite 996
Michaelview, MO 26188"
7225870726,8371497216,Illinois,Aurora,"94527 Robert Branch
Port Jamesstad, HI 48178"
6683905696,6043507948,Kentucky,Owensboro,"936 Cox Haven Suite 218
Jamesbury, DC 97232"
2901316976,7662762382,Virginia,Arlington,"Unit 2373 Box 4722
DPO AA 63156"
3129422372,7409436277,Mississippi,Gulfport,"8655 Hansen Squares
Allisonport, TX 72298"
8387996690,6678719072,Michigan,Detroit,"USNS Duncan
FPO AE 15737"
4400904771,7961512520,New Jersey,Jersey City,"676 Michele Place Suite 798
Moralesbury, MS 89466"
2408716056,711938087,Washington,Tacoma,"446 Jacqueline Heights Suite 111
South Karen, SD 99760"
5905560737,5265123339,Arkansas,Fayetteville,"7835 Swanson Brook Suite 573
Sierraside, ID 11977"
2097382207,9542853457,Kansas,Topeka,"PSC 3124, Box 8846
APO AE 10070"
6593344655,7277182229,Louisiana,Lake Charles,"7614 Flowers Trail
Rollinsbury, NH 29913"
9990118108,9540590967,Wisconsin,Racine,"659 Martinez Junction Suite 980
Cunninghamfurt, SC 71780"
3953446241,845355217,Nebraska,Lincoln,"88961 Moore Walk Apt. 193
Patriciamouth, GU 42762"
1218430255,2102583318,New Mexico,Rio Rancho,"28177 Douglas Inlet Suite 517
Garyview, IN 25970"
1499330490,332303973,California,Sacramento,"9384 Ross Junction
South Brandonmouth, WV 95424"
8404902062,2724782490,Connecticut,New Haven,"69836 Haley Cliffs Apt. 563
East Kevinfort, MN 58639"
4471622359,6634503334,Delaware,Middletown,"8228 Day Viaduct Apt. 044
Jessicafurt, IL 38911"
6743088497,9046366853,Louisiana,Baton Rouge,"93066 Williams Springs
South Kendra, OH 60108"
2495240112,8621855667,North Dakota,Grand Forks,"18088 Thomas Ranch Suite 098
Walkerbury, OK 82566"
3776342167,7265146645,Washington,Seattle,"54328 Nelson Coves Apt. 178
Lake Jennifer, WV 84469"
8044565824,9108611235,Utah,West Jordan,"136 Matthew Branch
East Juliebury, VT 58817"
7200666111,66975536,New Hampshire,Dover,"820 Nichols Fields Suite 590
New Amanda, NY 26145"
1305784831,5661610757,North Dakota,Grand Forks,"008 Timothy Run Apt. 935
North Blakeville, ME 80557"
7767632494,2850057562,Hawaii,Lahaina,"7967 Matthew Cape
South Blake, AL 13405"
9539897942,9147136772,Hawaii,Lahaina,"910 Scott Lake
New Sara, NE 47786"
6058699454,803011949,North Dakota,Fargo,"6821 Austin Courts
Port Joel, IN 15129"
8232021576,4896482648,Wisconsin,Racine,"769 Edwards Prairie Apt. 237
Robertbury, TX 71458"
991900741,8200100070,Washington,Spokane,"80635 Chambers Branch Apt. 024
Morrishaven, IL 23419"
4776144987,638576571,New Hampshire,Nashua,"490 Johnson Lane
New Kennethtown, OH 12743"
6857607618,2526037047,Wyoming,Laramie,"128 Ortiz Turnpike Apt. 263
Priceton, TX 30519"
3925198655,232555018,Arkansas,Little Rock,"950 Mckee Trail
South Andrewmouth, FL 60535"
4134941565,6590637686,Montana,Great Falls,"698 Maureen Mews Suite 237
West Markchester, NY 10626"
4887879326,1107505946,Missouri,Kansas City,"84556 Taylor Cove Suite 538
Brettport, MP 76918"
6321541540,4977643114,Massachusetts,Cambridge,"USNV Bowman
FPO AP 76933"
2581314103,1267771069,West Virginia,Charleston,"41636 Lara Forges
Jenniferton, KS 66015"
4573729003,9222258373,Washington,Tacoma,"USCGC Hensley
FPO AE 94225"
6430179601,6997824347,Illinois,Chicago,"35249 Lisa Trail
Simsburgh, HI 78200"
6352926332,6178496938,Virginia,Arlington,"35969 Willie Lock Suite 148
Kimberlytown, IN 64717"
8418041229,2886053899,Colorado,Aurora,"342 Diana Forges Apt. 130
West Thomasborough, IL 20453"
6034842207,103963074,West Virginia,Morgantown,"4033 Dougherty Isle
Evanmouth, AL 22288"
7467649396,9973525463,Pennsylvania,Pittsburgh,"873 Zoe Spur
Port Dennis, NM 08142"
6746683769,7323091900,Maryland,Rockville,"1596 Richard Route
Wayneberg, PR 90169"
7117189338,1035936912,Maine,Bangor,"8075 Hannah Burgs Apt. 887
West Staceyview, ME 85919"
6028764937,863565329,Massachusetts,Lowell,"713 Wanda Port Apt. 465
Hartton, OH 23042"
5092894563,6371877446,Ohio,Toledo,"901 Mark Mission
Benjaminmouth, AZ 52139"
4932341412,6185198229,Indiana,Carmel,"978 Harris Common
East Brooke, OK 89813"
9790393515,3662818825,Alaska,Ketchikan,"3607 Diane Motorway Suite 207
Sweeneymouth, MO 57747"
2543970517,2833764287,Ohio,Toledo,"53292 Curtis Burg
Carsonshire, WY 17001"
3272163524,2043797419,Massachusetts,Worcester,"5914 Justin Ridge Apt. 848
North James, KS 93177"
1839314120,3723712845,South Carolina,Rock Hill,"01201 Crystal Ridges Suite 737
West Richardberg, AL 33518"
4737659075,124084947,New Hampshire,Dover,"922 Gordon Freeway
New Erika, FM 66848"
481887116,166008049,Idaho,Boise,"65914 Harris Shoal
Port Earl, SC 90050"
1177120292,2148158347,Georgia,Atlanta,"168 Victoria Highway Suite 330
Stephaniehaven, ME 66553"
6906092054,5538496495,Maine,Bangor,"11019 Steven Hill Apt. 133
Walkerstad, PW 27898"
3792143806,4541789872,West Virginia,Charleston,"3148 Harvey Turnpike
Seantown, PW 39620"
2571954090,197877797,Arizona,Tucson,"68760 Caroline Fords Suite 809
Kimhaven, CO 34355"
7281089666,6083081383,Vermont,Essex,"460 Reed Pass Suite 439
Johnsonstad, SD 69106"
8002997272,4086727629,Washington,Spokane,"970 Jessica Parks Suite 979
Michaelside, RI 63047"
1156873035,5071409612,Illinois,Peoria,"528 Kendra Locks Suite 507
Lake Linda, HI 91842"
5540017438,3769224094,Missouri,Springfield,"27627 Todd Forges
East Sandraport, CA 55820"
7392611209,2406719463,North Dakota,Grand Forks,"291 Cameron Isle Suite 793
Anthonytown, SD 73508"
7465163848,2612914469,Delaware,Smyrna,"7635 Rodriguez Summit
New Kenneth, MH 35240"
6669010846,7677903064,Maine,Lewiston,"2284 Richard Circle Apt. 201
Smithberg, NH 51509"
1274536928,2636321998,Oklahoma,Norman,"79117 Amy Dam
East Kara, IN 49418"
6372095415,7377273305,Alabama,Birmingham,"7826 Tucker Freeway Apt. 967
Riddlebury, MN 80686"
6445814453,3788268307,South Dakota,Sioux Falls,"193 Jackie Fort
South Brian, AK 09537"
7205827940,2368999956,West Virginia,Parkersburg,"5667 Berry Trail Apt. 190
East Anashire, VT 34346"
1236950188,8850295181,Missouri,Springfield,"PSC 6620, Box 7712
APO AA 25723"
9126467357,9291020968,South Dakota,Rapid City,"0535 Michael Land
North William, NY 00950"
5566629437,4825206072,Maryland,Hagerstown,"42988 Baker Freeway
Lake James, OK 15979"
3275996904,7700779041,Hawaii,Kailua,"5836 Summer Vista Suite 145
Donovanport, NC 96444"
4713278951,1845929774,Massachusetts,Boston,"9515 Hannah Lake
Lake Ryanshire, IA 96232"
2444171787,7105797179,Arizona,Mesa,"48037 White Cliffs
Kelseyhaven, IN 25454"
910142468,8183857361,Tennessee,Knoxville,"49940 Chavez Run
North Michaelfort, IN 94460"
394233989,170102664,Wyoming,Casper,"PSC 3420, Box 3504
APO AE 88596"
2824347272,5051551343,Alaska,Fairbanks,"03075 Damon Course Apt. 652
Meganmouth, MO 84905"
4850400292,4698548345,Rhode Island,Warwick,"136 Deborah Meadow
Port Stacy, FM 94639"
965776064,4848438437,Wyoming,Laramie,"127 Emily Vista Suite 715
Lake Haydenshire, NH 27047"
6276971663,939694975,New Mexico,Rio Rancho,"Unit 1887 Box 2517
DPO AA 37158"
8876083645,8697754127,Alaska,Ketchikan,"9093 Jordan Mission
Shannonhaven, MS 61634"
5474663380,4466290513,Rhode Island,Cranston,"2198 Gonzalez Turnpike Apt. 532
Port Anthonyshire, ND 11564"
9508551663,5581034867,Nebraska,Omaha,"80527 Williams Rest Suite 569
Pricefort, HI 27795"
4373966688,2087595731,Nebraska,Lincoln,"13539 Samuel Neck Suite 095
Maryberg, NH 64969"
1186636388,2666654416,Arizona,Tucson,"0635 Andrea Orchard
Christineborough, MI 41496"
9694282195,9707061469,Virginia,Arlington,"6373 Jake Key Suite 830
Michaelport, GU 90958"
380208168,7311497552,New Jersey,Newark,"8739 Summers Isle
South Julie, GA 52148"
4454188384,2685148791,Virginia,Norfolk,"19475 Robert Heights Apt. 312
Davisland, CA 93171"
997697946,6206747114,Colorado,Denver,"7011 William Way Suite 771
Shannonstad, MS 88276"
281811946,213769731,Tennessee,Nashville,"47820 Carrie Rapids
Lake Kelly, MO 70672"
2775484773,3069631376,Kentucky,Owensboro,"4864 Christine Views Apt. 707
Brandonshire, PA 37943"
77434695,6323145028,California,Los Angeles,"005 Walker Village
North Sharibury, NE 94184"
7142780364,682410342,New Mexico,Rio Rancho,"37794 Andrew Expressway Apt. 683
Evansshire, OK 65918"
6743500350,5912245599,Louisiana,Lake Charles,"53573 Campbell Villages
Danielleberg, NH 42434"
6260960873,9920877021,Mississippi,Biloxi,"Unit 0623 Box 7297
DPO AA 86782"
4185687609,9086723081,Louisiana,Shreveport,"33027 Horton Turnpike Suite 209
North Joseph, MP 66144"
5673323900,7033263119,Delaware,Wilmington,"631 Aimee Haven Apt. 877
Theresafort, DE 26629"
1922990498,6472344365,Missouri,St. Louis,"746 Douglas Tunnel
Lake Markberg, VT 06362"
4900662390,2360332999,Wyoming,Laramie,"7681 Perkins Course
West James, NM 39501"
7879028364,7730079948,Wyoming,Rock Springs,"911 Laura Spring Suite 031
Vanessafort, MO 60184"
9490849204,7075315453,California,San Jose,"Unit 8658 Box 0260
DPO AE 08774"
719405921,7576119195,Maine,Bangor,"PSC 5846, Box 7097
APO AE 79980"
6576825065,54836170,Wyoming,Laramie,"56284 Gay Springs Suite 285
Port George, NC 96802"
4026696762,9562318346,New York,Rochester,"843 Zimmerman Lodge Apt. 933
Leeberg, PA 92780"
3331562095,417450443,Tennessee,Clarksville,"01866 Melendez Spur Apt. 104
Pageland, GA 47517"
9916914462,4767873593,Ohio,Akron,"0221 Robert Rue
East Michaelfort, NJ 61497"
9275102489,2266090227,New Jersey,Paterson,"025 Wells Orchard
South Christopher, MS 58186"
8943215171,3742914352,Washington,Spokane,"1615 Bennett Glens Suite 543
Cookbury, OK 76459"
291073233,7276763496,California,Sacramento,"1468 Armstrong Flat Apt. 771
East Jeremy, UT 14286"
8906677141,5996091981,Virginia,Arlington,"6516 Duncan Orchard
Holmesstad, WY 32850"
1331066596,1537860350,Maine,Lewiston,"80794 Mary Rest Apt. 185
South Calvin, CT 70169"
5494662676,2993525644,Wisconsin,Racine,"645 Stephanie Cape
Griffinville, ID 68430"
800622684,3103769760,Massachusetts,Springfield,"3310 Park Square
East Darrell, GA 84290"
1283513553,8229620355,Pennsylvania,Pittsburgh,"1698 Terry Tunnel Apt. 526
Port Jamesberg, MO 76890"
214540974,8888783146,Maine,South Portland,"177 Willie Parkway Apt. 726
Nicholasport, MA 81086"
1292083579,5381871762,Idaho,Nampa,"7361 Monica Row Suite 179
Alisonshire, MI 55514"
1939884996,7215157580,Idaho,Idaho Falls,"6037 Salas Route
Silvaside, AZ 76900"
9539609177,9371544358,Missouri,St. Louis,"305 Alan Mountain Apt. 088
North Joshuaton, FL 17319"
7361984814,3274997124,Tennessee,Chattanooga,"863 Walsh Via Suite 095
Cynthiaborough, MN 35526"
3383711553,3487195202,Maine,Bangor,"4975 Nelson Ferry Suite 459
Brandonmouth, PR 23845"
9574087706,1443845053,Maryland,Rockville,"0777 Branch Extensions
East Valeriemouth, OK 02586"
4611522659,1355199061,Rhode Island,East Providence,"3821 Micheal Squares Apt. 910
South Katherine, UT 28413"
568772237,9672777998,Delaware,Wilmington,"3037 Charles Village Apt. 028
Hallfurt, IL 24153"
8354146771,8890153297,Louisiana,Shreveport,"72292 Hendricks Lodge
Maryburgh, WI 70009"
9037535088,9737753401,West Virginia,Huntington,"9177 James Roads Suite 320
West Scott, DE 98864"
7304048089,5788603215,Colorado,Fort Collins,"786 Schneider Shores
Ashleyton, DC 48339"
7727581556,1863721312,California,Sacramento,"0275 David Ranch
Hartchester, RI 97909"
1632446530,6480670547,New Mexico,Roswell,"760 Rebecca Spring
Brendaborough, MT 16670"
2280619414,7899251153,Ohio,Cincinnati,"816 Larsen Mill
New Savannahberg, SC 71970"
1132478497,9247025324,West Virginia,Morgantown,"63703 Richard Tunnel Suite 946
Franciscoshire, GA 12674"
3052956199,6218336519,Michigan,Ann Arbor,"78526 Abigail Squares Apt. 697
Heatherborough, CA 05991"
3595749445,1546096939,Colorado,Colorado Springs,"0985 Peterson Green Apt. 475
South Amber, ME 62532"
2571050601,2136294166,Georgia,Augusta,"PSC 3215, Box 8172
APO AP 43939"
3356492512,5476938917,Washington,Bellevue,"452 Andrade Isle Apt. 387
Lake Kimberly, NH 34833"
5273497342,3388930694,Mississippi,Biloxi,"723 Christopher Green Apt. 564
Evanshaven, MH 84462"
9194500186,9440667867,Michigan,Grand Rapids,"7674 Edward Circle Suite 829
Judithside, KS 47409"
324780517,9002603335,Kentucky,Owensboro,"27553 Karen Causeway
North Angela, MD 71970"
2183041555,4142314640,Nebraska,Grand Island,"4291 Sanchez Port Suite 415
Adambury, PW 97552"
320608737,9232121358,Nevada,Sparks,"473 Johnson Oval
South Kaitlynstad, DC 21941"
5675549170,916444388,South Carolina,Mount Pleasant,"Unit 2604 Box 2250
DPO AE 66885"
3355660742,4967944841,Oklahoma,Norman,"5454 Green Wall Apt. 197
South Lisa, AZ 01363"
7828061849,2023491462,South Carolina,Rock Hill,"74847 Matthew Curve
Lake Joseph, OH 66627"
8283042573,277343102,Massachusetts,Worcester,"952 Gibson Rapid Apt. 357
Port Laura, PA 26016"
8517412758,194730180,Massachusetts,Lowell,"42150 Chapman Corner Apt. 879
Kellyland, IN 51165"
3908910510,7877210989,North Dakota,West Fargo,"966 Murphy Lake Apt. 970
East Lonnie, AZ 06182"
2724494329,6678441497,Pennsylvania,Philadelphia,"28966 Zavala View Suite 594
Amyfort, NV 98257"
8175251645,5095252839,Kentucky,Covington,"03528 Holly Points Apt. 328
Shannonland, CA 32651"
9129501645,837826059,Wyoming,Cheyenne,"PSC 4026, Box 5142
APO AE 96112"
629371280,5976118781,Arizona,Mesa,"0975 Watkins Bridge Apt. 871
Lake Lisa, AZ 86740"
3266236840,821772974,Idaho,Pocatello,"925 Richard Passage Suite 832
South Lorettahaven, ID 65343"
7515415099,9547425519,Kansas,Overland Park,"18048 Bennett Plaza Apt. 457
Davismouth, MP 60498"
2087481761,3241368689,Iowa,Cedar Rapids,"505 Miller Rue
Wellsside, NM 08406"
6146312137,4545549763,Nevada,Reno,"66496 Rice Estate
Lake Christopher, CA 26662"
6368278195,9072505861,Iowa,Cedar Rapids,"3471 Sarah Mill
North Karenbury, KS 99529"
6847138407,369977634,Kentucky,Lexington,"35822 Wilson Coves Suite 674
Wardburgh, MO 89506"
9361385165,7131394519,Nevada,Reno,"8554 Harrison Path Suite 698
Lake Kimberlyton, MI 01458"
3637922877,4399762071,Nevada,Sparks,"PSC 6541, Box 2532
APO AA 99654"
7366008616,6278868769,Oklahoma,Broken Arrow,"60454 Susan Union Suite 273
Waltersbury, PA 62116"
4613684270,7173532964,Wyoming,Gillette,"423 Roberts Wells
Huntermouth, WI 88054"
8159225525,4905546855,Utah,West Valley City,"Unit 5041 Box 9028
DPO AE 12649"
8914667757,7016399728,Wisconsin,Racine,"3100 Herrera Junctions Apt. 989
Roachfurt, MI 90776"
6925179999,5046189287,South Carolina,Mount Pleasant,"25547 Adams Alley Suite 477
Port Laurenfurt, MI 18603"
2719965419,7732586040,Louisiana,New Orleans,"724 Brian Run Suite 828
North Heidi, NM 85564"
2669471928,7700577955,Nevada,Reno,"605 Hunt Fords Apt. 045
Vanessaton, AL 47284"
7935817338,3736262859,Maryland,Rockville,"210 Bryant Ports Suite 720
Port Lisa, ID 60220"
3401753183,6915944275,Wisconsin,Madison,"197 Amy Ways
South Vincent, AK 30040"
5986888911,8350419542,Wisconsin,Milwaukee,"3147 Moore Flats Suite 852
Lake Fernando, MP 48786"
2830262260,2473638100,Maine,Bangor,"0873 Palmer Lodge Apt. 128
Ramirezshire, MS 09180"
5494923209,6218937713,Delaware,Smyrna,"62487 Luis Shoal
Port Jesseview, ND 79206"
2247680580,9101618209,North Dakota,Grand Forks,"79580 Cox Ranch
New Donnaville, RI 38946"
8061866545,4977643114,Missouri,Columbia,"431 Cynthia Street Suite 893
Williechester, VA 60122"
3669468312,338454248,Louisiana,Shreveport,"15847 Connie Street Apt. 115
West Jim, WI 49610"
6970658769,1868477968,Nevada,Las Vegas,"2748 Johnson Extension
Torresville, NH 03830"
5640882737,8776740071,Mississippi,Gulfport,"4621 Joseph Cliff Suite 334
New Patricia, GU 54152"
9635263967,1928169992,Delaware,Middletown,"93794 Velazquez Corner
South Pamelamouth, GU 59483"
322549108,3007202818,Mississippi,Southaven,"023 Ariel Creek Suite 881
West Courtney, NJ 66106"
3146919916,1706444427,Maine,South Portland,"9941 Erin Way
North Nicoletown, AK 51891"
9175563099,9102520612,Ohio,Akron,"0643 Travis Summit Suite 423
Kirbyville, KS 26361"
3103657073,6544058926,Kansas,Kansas City,"5957 Butler Glen
Walkerville, MI 08697"
3441317169,6960183501,Michigan,Flint,"8291 Antonio Union Suite 828
East George, PA 91232"
6361603963,2782894921,New York,Syracuse,"430 Boyd Corner
North Mary, GU 43119"
8275850866,157043706,Montana,Bozeman,"Unit 8505 Box 9303
DPO AE 77116"
8288484155,949998594,South Carolina,Mount Pleasant,"7224 Holly Passage
Greggbury, WV 34950"
2607610649,6307540583,South Dakota,Aberdeen,"04561 Hayes Manor
West Andrewland, SD 42025"
3923324087,6676379161,Alaska,Juneau,"20873 Christensen Trafficway
Benjaminton, FM 03993"
9515873676,1795744695,Massachusetts,Springfield,"2213 Kristy Plains Apt. 075
Port Phillip, PR 94338"
2656183565,4100981711,Michigan,Detroit,"4432 Erin Orchard
Johnsonmouth, WY 37670"
7440933143,3351143901,New York,New York City,"82979 Omar Forges
Port Jenniferhaven, AK 51327"
8088718286,4966639711,South Dakota,Sioux Falls,"550 Holly Park Apt. 696
East Tyler, IN 20820"
7899810030,6548887940,Oregon,Hillsboro,"640 Garcia Creek
Murphybury, DC 35303"
506708059,6214069001,California,Sacramento,"76878 Dakota Underpass
Lake Shannon, ID 93774"
8500960576,2502912021,Montana,Billings,"450 Wilson Trail
New Michellebury, VA 33508"
7523004755,4757410838,Delaware,Middletown,"475 Joshua Stream
Turnerland, VA 39010"
906996153,1673331936,Virginia,Richmond,"075 Crosby Route Suite 481
Foxburgh, CA 73443"
186173629,6616693271,Oklahoma,Edmond,"66365 Marc Mountain
Jaytown, ID 03871"
9197134855,5504596686,New Hampshire,Nashua,"7944 Callahan Corner Suite 982
Glassfurt, HI 70095"
4810435410,2525586736,New Hampshire,Manchester,"8934 Short Garden Suite 525
West Charles, MO 70223"
7972209887,7377273305,Louisiana,Shreveport,"1802 Eugene Wall Suite 089
Shafferborough, MP 20987"
1493366703,5879946319,Maryland,Baltimore,"7788 Brittany Mews Suite 080
Josephbury, NY 96152"
4386662226,1683810321,Kentucky,Lexington,"52316 Brandon Forest Apt. 181
West Stevenhaven, NE 18865"
2297230440,4191361331,Maine,South Portland,"4320 Luis Way
South David, PA 56023"
4097821474,4465229986,Idaho,Nampa,"794 Baldwin Cape
Jessicafurt, LA 99024"
2412221995,4029023535,Georgia,Augusta,"672 Kevin Canyon Apt. 577
South Crystal, TX 54441"
1622942630,5223843308,Montana,Butte,"5495 Luis Lock
Grantmouth, IL 93958"
247066348,2497733048,Delaware,Wilmington,"0056 Franklin Cliffs Suite 369
West Bethanyside, ID 51667"
2750487948,2507684525,Nebraska,Lincoln,"747 Anderson Rest
Kellyview, KY 58383"
5468100778,4321858403,Michigan,Grand Rapids,"812 David Plains
Lake Cynthiamouth, WA 46627"
4666312036,3650557614,Kentucky,Owensboro,"Unit 6758 Box 8039
DPO AP 43831"
4633978324,4542150346,Idaho,Nampa,"0370 Monica Island
East Michaeltown, OK 92409"
9245970964,5652383472,New York,Syracuse,"USCGC Pineda
FPO AP 51718"
8155337518,4960836586,Alabama,Montgomery,"195 Munoz Junction
Kennethfort, VT 23656"
1115671153,5566656310,Alabama,Montgomery,"127 Martinez Pines Apt. 226
North John, KS 08854"
4851644841,4789318350,Arizona,Mesa,"2199 Phillip Well
Rodriguezmouth, VI 12970"
3258523520,2813130548,Massachusetts,Worcester,"924 Erika Expressway Suite 703
Jameshaven, CO 28271"
9966618700,6837435246,Indiana,South Bend,"640 Davis Land
Gonzalezton, HI 13107"
398894581,9715842984,Texas,Fort Worth,"49857 Matthew Stravenue Suite 133
Port Tina, PA 91719"
3055194480,6639569835,Mississippi,Gulfport,"962 Hernandez Manors Apt. 861
West Brittany, IL 01999"
1320297956,2530578461,Vermont,Colchester,"710 Schwartz Unions Apt. 591
West Scotttown, NE 11705"
728483301,5130964653,Florida,Fort Lauderdale,"USS Osborne
FPO AA 39187"
5448593407,7182437801,West Virginia,Huntington,"426 Michael Crossroad Apt. 488
Christinastad, CT 65856"
7387411334,8282066048,Kansas,Kansas City,"2590 John Lake
East Wendy, MI 74408"
7497651569,3911859674,Nevada,Las Vegas,"37308 Clarke Locks Suite 285
North Jessica, AL 35714"
358326424,4443136566,Hawaii,Kailua,"979 Gonzales Keys Suite 365
Lake Johnchester, TN 78775"
8770782716,3172165377,North Carolina,Charlotte,"45225 Hannah Freeway Suite 691
East Bethany, NM 00508"
8644882748,2358075100,Kansas,Wichita,"740 Brian Oval
Davidtown, SC 46665"
4967943138,7841814123,Minnesota,St. Paul,"590 Anderson Highway Apt. 775
Jonesport, ND 57197"
9959791378,3637379573,Arizona,Chandler,"82416 Jensen Estates Apt. 768
South Alex, AS 40633"
7207279158,8537497304,Oregon,Eugene,"6315 Renee Lodge Apt. 378
Carlosbury, WA 80423"
8665813097,6814817598,Kentucky,Louisville,"6787 Michelle Curve
New Mark, PW 38061"
2237195293,9944038910,South Dakota,Watertown,"735 Brandon Pines Apt. 387
South Rita, OK 94599"
4537385232,4310021083,Tennessee,Knoxville,"505 Murphy Ridge Apt. 273
West Gary, ID 05576"
8271394214,232555018,Massachusetts,Cambridge,"01603 Griffin Ramp Apt. 057
Lake Danielhaven, MI 45684"
2753147522,2143622750,Idaho,Boise,"USS Herrera
FPO AP 99650"
5901289255,6543130998,Pennsylvania,Philadelphia,"65776 Rebecca Landing
South Mark, VA 74430"
915766341,6002032366,Connecticut,New Haven,"5101 Teresa Landing Suite 685
South Michaelberg, PR 25885"
7282124486,7010404242,California,San Francisco,"76730 Myers Keys Suite 145
Francisfort, MI 99251"
7774937270,3077934019,Oregon,Eugene,"7098 Hall Burg
Lake Richardport, ND 26269"
1977790960,3759303891,Arizona,Tucson,"62250 Thompson Trail Apt. 084
Christopherchester, NE 89746"
7551062090,2105180406,Pennsylvania,Allentown,"Unit 2001 Box 3411
DPO AE 25684"
8167296973,1835579384,New Jersey,Jersey City,"065 Johnson Isle Suite 861
East Tammyside, MO 05604"
778676079,810500256,West Virginia,Charleston,"138 Anna Shoal Apt. 806
Lake Yolanda, MH 76080"
3182997559,5734016439,Texas,Austin,"78430 Megan Common
Lake Davidchester, NH 08094"
5724946390,4819987538,New Mexico,Santa Fe,"5836 Lewis Harbors
New Danielleview, IA 25365"
9790378707,4748185110,Wisconsin,Kenosha,"36152 James Shore
East Jeffreymouth, TN 90017"
3928012610,1099005763,South Dakota,Brookings,"4131 Tommy Stravenue Suite 890
Harveyburgh, KY 85969"
2583922956,6879641917,Hawaii,Kailua,"867 Wong Pine
Lake Jennifer, CO 77120"
331440510,2421998122,Iowa,Sioux City,"5147 Randy Rest
West Emily, OH 20825"
8565002393,3229549753,Tennessee,Chattanooga,"4853 Matthew Skyway Apt. 876
Chloefurt, CT 67219"
8182175724,3888110072,Rhode Island,Cranston,"004 Hernandez Bridge Apt. 014
Jesseport, ID 23814"
4281661232,6133223558,Idaho,Boise,"21228 Anthony Skyway
Port Jennifer, FM 68205"
4528398025,5939181514,West Virginia,Huntington,"1620 Amanda Circles
Alicemouth, DC 90981"
816397968,2268956326,Missouri,Independence,"4076 Reyes Square
West Michael, MO 23845"
4656557466,1867277599,Minnesota,Rochester,"0673 Tyler Knolls
Carolhaven, MS 50533"
6770176848,9342964933,Wyoming,Casper,"46352 Hunter Port Apt. 011
North Charlesland, TX 79664"
4181656098,3813822439,Oklahoma,Tulsa,"98142 Hanson Camp
New Lisa, MN 70634"
5151014361,218610583,Ohio,Cleveland,"3614 Brenda Creek Suite 654
Emilyhaven, VI 56448"
726934045,1784682352,Georgia,Atlanta,"724 Carl Way Suite 668
Kevinport, RI 54040"
6853618916,3414007958,Minnesota,Rochester,"445 Anderson Canyon Suite 991
Port Tyler, SC 11208"
6767627645,8215485090,North Dakota,Bismarck,"USNS Burns
FPO AE 21933"
40876155,5500878333,Delaware,Middletown,"21412 Ashley Wall
Kylieborough, AZ 04014"
5039179735,141170916,Mississippi,Biloxi,"73941 Daniel Road
Ingramhaven, NC 37474"
1363376765,4175570934,Montana,Bozeman,"831 William River Suite 214
Blakefurt, CA 73238"
1792300202,1901527974,Arkansas,Fort Smith,"07744 Salazar Wall
Lawrenceland, IL 26707"
4394263640,1514217024,Maryland,Frederick,"USCGC Fernandez
FPO AE 14384"
8931394107,1966198474,Massachusetts,Lowell,"55981 Hampton Pine Apt. 976
Lopezmouth, IL 78823"
43038723,6627055993,Oregon,Hillsboro,"Unit 9013 Box 5607
DPO AP 17732"
5908360446,8385597082,Kentucky,Owensboro,"73150 Underwood Drive
Millerhaven, NJ 33999"
1501319899,1637855104,California,Sacramento,"7771 Aguirre Mill
New Noah, MT 21436"
3006102734,2756773942,New Jersey,Paterson,"561 Stewart Villages
South Wesley, ME 28021"
9632609765,3371381975,Tennessee,Chattanooga,"3387 Preston Center
Leetown, FM 64057"
7182421725,1890829251,Idaho,Boise,"8454 Williams Forge Apt. 605
New Carolshire, WV 65878"
1390853038,1017953717,Rhode Island,Providence,"8433 Allen Shoal Apt. 567
Ryanberg, MA 70823"
9789931447,6960095189,Oregon,Salem,"38567 John Wells Apt. 856
East Stacey, IL 22551"
804034631,6480806565,South Carolina,Rock Hill,"USNS Potter
FPO AE 02535"
7204954532,6230428224,Mississippi,Biloxi,"41443 Jeffrey Crossing
Ramirezmouth, IL 21055"
6130709600,8381526177,Alaska,Sitka,"6577 Zamora Alley Apt. 586
West Lisa, IA 26453"
8567245808,1622713134,Pennsylvania,Allentown,"PSC 6275, Box 7417
APO AP 63995"
888789926,6751920690,New York,Buffalo,"43544 Torres Forges
Alvarezbury, GA 35192"
2467678241,5171634347,West Virginia,Charleston,"PSC 0545, Box 0680
APO AP 77942"
5759503962,3980367337,Vermont,Burlington,"03734 Michelle Extensions
Nielsenburgh, MA 96575"
2647121851,8443264809,Virginia,Norfolk,"16405 Jason Village
South Ryanport, MS 73845"
1298572679,5225557689,North Carolina,Winston-Salem,"63035 Miller Harbor Suite 709
Fisherside, ME 48364"
9867098614,9580841132,North Dakota,West Fargo,"55451 Steven Station Suite 659
East Nicoleton, DC 09059"
2134542333,4093489675,Oklahoma,Oklahoma City,"USNV Campbell
FPO AE 17159"
7201346258,4134279689,Illinois,Rockford,"19348 Mullins Lake
Hallburgh, TX 41397"
5898051535,5519180208,Arizona,Phoenix,"34635 Alyssa Spur Suite 581
Jacksonmouth, NC 95161"
1269075930,6600695226,Texas,Houston,"24755 Kevin Greens Suite 361
East Ashley, NM 00571"
5590876152,1085398533,Alabama,Montgomery,"0172 Washington Courts
Justinmouth, TX 82422"
3570548702,6046235205,Arkansas,Springdale,"USCGC Martin
FPO AA 45638"
815831313,321886278,Wisconsin,Kenosha,"0241 Michael Springs
New Matthewmouth, VA 92539"
5025000071,2433815007,Arizona,Tucson,"689 Gillespie Pass Apt. 082
West Natalie, NY 27903"
7994821340,3609471665,Colorado,Colorado Springs,"293 Sparks Summit
Brendamouth, RI 22135"
1576535209,5593756824,Oregon,Salem,"3446 Mitchell Forest Suite 362
New Lindaville, NC 14240"
4830571098,5958035961,Washington,Vancouver,"459 Melody Fall Suite 080
West Tara, SD 73495"
4897776088,4545305295,West Virginia,Morgantown,"76147 Johnson Plaza
East Benjamin, AZ 10065"
8887863106,1936781484,North Dakota,West Fargo,"452 Hobbs Greens
West Tyler, MT 59397"
6190871146,2481735585,South Dakota,Brookings,"773 Jeffrey Knoll
Port Jamesberg, PR 85699"
9251684620,136157061,Tennessee,Clarksville,"00006 Larry Flats
East David, HI 01883"
4307648865,6273973812,Nevada,Henderson,"145 Ronald Brooks
Buckbury, NM 97348"
7163774299,2538730103,Connecticut,New Haven,"154 Ferrell Cape Apt. 453
Williamsborough, NE 71829"
5570791745,5911859749,Arkansas,Fayetteville,"943 Clayton Estates
Stephaniefurt, NE 29414"
7677665373,5379994506,Alabama,Mobile,"2073 David Lake Apt. 753
Austinburgh, MD 88612"
6361517848,2222203375,Washington,Tacoma,"77035 Sheppard Villages Apt. 991
Lake Annetteville, GU 10520"
5334564504,8249838516,Missouri,Kansas City,"869 White Estates Suite 259
Kevinchester, PA 36885"
8626461826,6450067802,Ohio,Cincinnati,"088 Dodson Wells Apt. 828
South Daniel, FL 88018"
5523506833,9410700240,Indiana,South Bend,"929 Craig Crest
Johnstad, IN 75453"
4291438927,2414016791,Washington,Bellevue,"77570 Cantrell Meadows Apt. 773
Alexisport, OK 90452"
6515397733,9107748578,Vermont,Colchester,"64901 Holly Turnpike Suite 981
Marshallburgh, AK 18487"
8069867921,2036742018,Rhode Island,Cranston,"2380 Barajas Lakes
West Candicetown, VT 35758"
787614733,2303990871,New York,Yonkers,"24952 Horne Manors
East Christopher, OK 84143"
8431624356,1148484262,Minnesota,Bloomington,"679 Snow Squares
West Susan, ND 13245"
8887681978,558251673,Washington,Bellevue,"4612 Brianna Highway
Heatherport, NJ 09517"
4224424653,8636081447,South Carolina,Greenville,"28583 Norris Turnpike Apt. 258
Valerieberg, WI 01637"
8774662994,2111265888,Texas,Houston,"7216 Karl Village Suite 066
Melissaside, OH 04095"
8830888714,9548261097,Minnesota,Rochester,"65059 Adams Square Apt. 914
Ashleyborough, AL 95819"
3062068409,6964903704,Wisconsin,Kenosha,"USS Lynn
FPO AA 36720"
3339509344,2789531293,Missouri,Columbia,"18848 Torres Parkway Suite 938
Lake Nancy, CA 46522"
397461863,7750748146,Oregon,Eugene,"2118 Sharon Way
Debraview, MS 52977"
3392472317,8872612204,Alaska,Fairbanks,"555 Timothy Path
West Taylor, NY 34605"
7418996652,6837419766,New Jersey,Jersey City,"3947 Aguilar Crescent Suite 360
East Margaret, AL 63710"
4430823741,4553269903,North Dakota,Fargo,"91481 Leah Courts Suite 781
East Kevinhaven, CA 01842"
1169795269,6235170390,Georgia,Savannah,"59332 Mccarthy Village
Tateville, MN 14945"
7155722383,7118234624,Alaska,Juneau,"Unit 2879 Box 2010
DPO AE 84120"
5944773687,7016399728,Iowa,Sioux City,"77368 Felicia Roads Suite 227
Port Amandaberg, WY 66564"
6271961633,1856891635,Indiana,Fort Wayne,"659 Rachael Spurs Apt. 172
Stephanieborough, NJ 18879"
3710226294,228941064,West Virginia,Morgantown,"82147 Haley Ferry
Murphyburgh, AK 78385"
489857868,8321881068,Mississippi,Biloxi,"8882 Frank Extensions Suite 287
Austinfort, MS 71284"
4295342274,2628108524,Arkansas,Springdale,"278 Orozco Drives Apt. 392
Gonzalesport, UT 98240"
4466216551,8565398982,Kentucky,Louisville,"52696 Eric Ramp
West Rebeccabury, FL 72248"
6648491024,3637379573,New Hampshire,Manchester,"671 Janice Fields
New Joshua, AZ 62265"
8993622618,8723811311,Arizona,Glendale,"84654 Hopkins Lock Apt. 277
Lake Antoniomouth, VI 72308"
2737380033,3714866676,Idaho,Meridian,"19199 Stephanie Ranch Suite 915
Erinchester, VT 64206"
5741564885,6706721502,Colorado,Denver,"77376 Nathaniel Keys Apt. 562
East Jeffery, KS 04817"
1734827473,2332752807,New York,Buffalo,"19280 Brent Run
Lake Paulview, MP 91710"
2741645084,4748185110,New York,Syracuse,"902 Katherine Loop Suite 376
West Brendabury, MO 82019"
2863033482,8236011523,West Virginia,Huntington,"936 Benton Spring Apt. 490
Michaelview, PA 50085"
6009050307,43009250,West Virginia,Charleston,"967 Thomas Locks
Lauraton, WI 11970"
143356269,2457684953,West Virginia,Huntington,"7657 Christina Drive Apt. 063
Warrenview, TN 72212"
5874949645,8502241635,New Jersey,Edison,"46226 Newton Curve Apt. 243
Omarchester, FM 43719"
62444930,8583226279,Massachusetts,Lowell,"80271 Solis Mill Suite 370
Troyton, MT 27681"
8363142552,6172216635,Oklahoma,Oklahoma City,"805 Anita Junctions Suite 094
New Christinaland, MP 85971"
1182433462,429990,Idaho,Nampa,"PSC 8298, Box 4676
APO AP 25992"
105750363,8268607649,New Jersey,Newark,"0997 Campbell Fields
Port Robertburgh, PW 53359"
5505032581,8005779482,Virginia,Richmond,"67596 Hill Mission
New Melissa, WA 94360"
8596441232,2143765546,Florida,Orlando,"59085 Scott Cliffs Apt. 193
Jenniferborough, ME 30958"
9193157325,5788507992,Kansas,Topeka,"9454 Sandra Walk Apt. 964
South Corey, SC 40495"
8895337253,1469782942,Utah,Salt Lake City,"3434 Chris Junction Apt. 409
New Jonathanland, DC 97519"
5483830993,4717671649,Utah,Orem,"4135 Kenneth Valleys
Meganhaven, SC 95975"
1110102031,5105520975,Kentucky,Lexington,"39625 Jonathan Flat Suite 496
Jesseport, SC 01222"
3886832443,7104648615,Arizona,Mesa,"617 May Mission
Cookmouth, NM 98891"
1383073090,8265801738,Rhode Island,East Providence,"PSC 5441, Box 6434
APO AE 78723"
9129860512,3271932129,Connecticut,Hartford,"73041 Little Wells
North Ruben, MN 04064"
256841184,6358076201,Montana,Missoula,"05600 Weber Valleys Apt. 561
Matthewfurt, ME 05841"
441711427,5311553506,Vermont,Essex,"93079 Martin Valley Apt. 244
Port Kimberlyside, DC 56590"
2351082331,2475968476,Michigan,Ann Arbor,"44203 Courtney Corners
Kimberlyborough, MA 88751"
3522008141,3829031727,Minnesota,Bloomington,"971 Brown Circles Suite 195
Pottsmouth, NY 69268"
9742821581,4861282341,New Mexico,Las Cruces,"54169 White Turnpike Apt. 045
Port Robertfort, NE 96611"
9727351685,1266368716,New Jersey,Paterson,"Unit 7626 Box 6011
DPO AP 66529"
1905078527,2725166787,Missouri,Kansas City,"0071 Thomas Camp
Sheilafurt, ME 84480"
6155947423,5519180208,Mississippi,Biloxi,"1297 Trevor Path
Marvinport, PA 73185"
1348870040,8381526177,Vermont,South Burlington,"86596 Anthony Mission
Schultzton, NE 84496"
8922083243,1239193700,New York,Buffalo,"Unit 0777 Box 0209
DPO AE 86415"
6715979330,3009172440,Utah,West Jordan,"04863 Molina Shoal
Thomasstad, DC 53229"
1874041907,8148395439,Missouri,Kansas City,"28177 Baker Mountain Apt. 660
Aliciamouth, NJ 51217"
8176805289,4007657239,Vermont,Essex,"USCGC Nguyen
FPO AA 44599"
7469903326,2452927559,New Hampshire,Concord,"31365 Ruth Spring
East Williambury, FM 40357"
7914286633,8363570627,Massachusetts,Worcester,"PSC 9416, Box 7885
APO AP 08760"
5209655650,5417116148,Hawaii,Kahului,"10800 Johnson Pass
East Christina, CO 58556"
8724018786,8238919576,Georgia,Augusta,"564 Megan Lake
Alejandroside, TX 41797"
5516071292,1209946154,Oregon,Hillsboro,"83604 Bailey Street
New Lisa, MD 90920"
6041149391,8979316465,Georgia,Columbus,"434 Ruiz Lake Suite 659
North Pamela, WA 09250"
2489054463,1233095646,Delaware,Newark,"45252 Mason Shoal Suite 472
Vasquezport, AZ 81345"
9671078584,2659666753,Oregon,Eugene,"15404 Scott Plaza
New Stephanie, VI 14373"
2240518537,2637417219,Kansas,Overland Park,"182 Wolf Shoals Suite 929
South Patricia, WY 64028"
7245625413,5676253854,Michigan,Flint,"4432 Johnson Courts
Port Kelly, NJ 22944"
3276679082,1118346201,North Carolina,Winston-Salem,"PSC 4271, Box 6855
APO AA 96431"
9975776311,4450700027,Maine,Auburn,"377 John Village Apt. 594
North Stephenhaven, NV 96489"
3042677768,3089930962,Minnesota,Minneapolis,"3714 Jacqueline Bridge Apt. 597
Cherylville, NY 66847"
9415504885,5440210516,Minnesota,Rochester,"81669 David Drives Suite 067
Lake Jasonland, TN 44169"
1982669319,3165900056,Nevada,Reno,"11459 Herrera Hill Apt. 650
Annside, MP 68063"
4109936393,2858670850,North Carolina,Raleigh,"0374 Davis Loaf Apt. 063
Melissamouth, LA 86313"
2142986,5726166071,Oklahoma,Norman,"21061 Amy Plaza
North Lorihaven, NV 33036"
2335506979,3241368689,Louisiana,Lake Charles,"48957 Angela Circles Apt. 987
Jefferytown, KS 80610"
4181545371,7390168585,Maine,South Portland,"1152 Jones Pine
New Joseph, HI 46480"
4951442453,9162688629,California,San Francisco,"822 Melissa Junctions
South Ronald, OR 84699"
6382436771,6989189866,Iowa,Iowa City,"56969 Brown Course Suite 894
Estesstad, MS 10155"
5059440599,5189812793,Nevada,Henderson,"58838 Gene Glens
New Annbury, OR 38327"
8989857675,1250557038,Ohio,Toledo,"4087 Renee Common Apt. 270
East Cynthiaton, NE 68421"
1703619074,6200670404,New Mexico,Roswell,"2821 Melissa Fall Suite 917
Port Donna, ND 20380"
186287540,857218300,Illinois,Chicago,"823 Ibarra Knolls
Johnborough, TX 12794"
4658002672,9620395196,Tennessee,Clarksville,"6244 Sandra Orchard
North Christopher, CT 22247"
9311812135,9576001969,Oklahoma,Edmond,"943 Deborah Hill
West Jennifer, CT 06212"
4740339722,9198890598,Montana,Missoula,"324 Wright Forges Apt. 438
Toddland, VI 17456"
4351794811,6414025866,Wyoming,Cheyenne,"28329 Michelle Bridge
Pittsmouth, DC 36489"
3760003475,962662715,Hawaii,Hilo,"416 Hines Locks Suite 090
Craigburgh, RI 49941"
9842014694,1858188707,Pennsylvania,Erie,"195 Robert Plain
New Sharon, IL 34524"
4691660924,1983623881,Virginia,Virginia Beach,"730 Harris Dam Apt. 361
Lake Carlosbury, ID 47483"
997353725,9156342477,West Virginia,Huntington,"3956 White Pine
South Geraldstad, KY 05878"
9310653472,6328879164,Alaska,Anchorage,"009 Salazar Forks Apt. 531
West Bryanhaven, TX 34255"
7832514027,7134486735,Connecticut,Bridgeport,"25098 Owens Rest Apt. 331
New Carlosberg, DE 67851"
9546746923,4191361331,Indiana,Indianapolis,"550 Marvin Overpass
Johnsonmouth, MO 64283"
7871536857,3695834662,Hawaii,Honolulu,"3737 Brown Manor
Port Michael, DE 38781"
7967122040,6083081383,Tennessee,Clarksville,"PSC 4355, Box 4627
APO AA 94950"
462652574,4891231543,Alabama,Tuscaloosa,"USNS Allen
FPO AA 11955"
3194223727,2080107895,Washington,Tacoma,"08540 Jones Points
Port Alexandra, VI 06359"
8914276245,6945563305,Virginia,Norfolk,"4711 Sanchez Ways Suite 283
South Deborah, ME 50498"
5016809578,3768701513,South Carolina,Greenville,"61440 Lopez Fork Suite 528
Lorettaberg, MP 02835"
7686034581,4972407301,Tennessee,Knoxville,"169 Jennifer Loaf Apt. 828
Katelynmouth, LA 16035"
3282633644,9395710343,Ohio,Akron,"444 Baker Court Suite 829
Lake Josephtown, VA 55366"
6701212911,2259696102,Louisiana,New Orleans,"989 Reid Roads Suite 870
South Robert, PA 62048"
9016914977,6073518106,Maine,Lewiston,"16797 Nicole Loaf
Collinstad, MH 43234"
5356574978,1406778267,Massachusetts,Cambridge,"01425 Tara Trail
Johnmouth, NC 37680"
9620394302,6604161403,Florida,Fort Lauderdale,"668 Linda Mews Apt. 516
Port Kristin, UT 26027"
218860651,6797779690,Indiana,Carmel,"966 Cody Land Apt. 939
Jamestown, NJ 11180"
9780645796,1907777552,Kansas,Olathe,"7124 Johnson Field Apt. 096
Rosaleshaven, GA 40506"
4147048682,7088854696,Michigan,Grand Rapids,"9692 Wright Mills Suite 045
North Albert, UT 12839"
6696027418,7269924648,North Carolina,Durham,"22324 Shannon Mills Suite 455
Oneillstad, MN 79506"
9442024789,7051228502,Georgia,Savannah,"87901 Crystal Terrace Suite 463
Port Donport, ME 48217"
1530326002,8591801775,Louisiana,Shreveport,"Unit 7041 Box 6509
DPO AP 97269"
1468636748,3577895351,South Carolina,Charleston,"Unit 0693 Box 6838
DPO AP 22851"
4663974269,218564810,Idaho,Idaho Falls,"617 Turner Manors Apt. 452
Wattsfurt, KY 71708"
833482048,3996208648,Maryland,Baltimore,"11712 Mccall Manors Suite 572
Bradleychester, OR 28728"
7072638790,4176861205,Texas,Houston,"2446 Elizabeth Oval Apt. 248
Lake Michaelside, SD 53992"
2886633159,4560636789,Washington,Tacoma,"2897 Wayne Fords Suite 269
Marshland, KY 79390"
838908828,6583155759,Tennessee,Chattanooga,"413 Monroe Locks
New Randall, AS 83316"
4817947612,7796451278,Iowa,Cedar Rapids,"2900 Jeffrey Creek Suite 673
East Glen, TN 66715"
1570993203,7524244252,Arizona,Mesa,"56028 Matthew Flat Apt. 143
Port Katherineland, AZ 37748"
8713113912,3495278178,Maine,Auburn,"8834 Gordon Crossing Apt. 095
South Bryan, VI 42448"
782337397,8899874178,Georgia,Augusta,"72459 Angela Locks Suite 818
South Thomastown, CO 14254"
3810974573,3192592352,Alabama,Birmingham,"7977 Huang Ridges Suite 531
Yatesberg, AR 90695"
6731057208,2259696102,Connecticut,Waterbury,"3224 Gregory Valleys
Anthonychester, MO 62742"
8548858370,1205463256,New Hampshire,Concord,"06113 Jane Light Suite 596
Benjaminland, VT 14989"
2663813445,5413230027,Oregon,Hillsboro,"828 Mosley Orchard
Baileyview, WV 51206"
1314297900,8032931998,Arizona,Glendale,"23890 Campos Mountain Apt. 251
Grayville, PW 15890"
7285481223,2946330026,South Carolina,Mount Pleasant,"7833 Joshua Road
Weeksstad, OK 23632"
8797529851,1487335736,Texas,San Antonio,"86375 Bond Motorway Suite 038
Grahamstad, WI 51591"
3996112250,5360928735,Virginia,Arlington,"3201 Diana Ridge Apt. 127
Watsonborough, AS 80178"
4334952652,2347574497,Pennsylvania,Reading,"67614 Barnes Viaduct
Dunnside, MO 66442"
9561449347,9271442133,Illinois,Chicago,"326 Andrea Square Suite 324
South Richard, OR 53849"
9651109492,3816242694,Louisiana,New Orleans,"8168 Jeffrey Stravenue Suite 159
Vazqueztown, CA 31215"
1835081627,6117896042,New York,Yonkers,"Unit 9535 Box 0801
DPO AE 14434"
7636130636,1838301106,Nevada,North Las Vegas,"1086 Robert Gardens Apt. 890
Port John, SC 87292"
5659944117,4246913853,Kansas,Kansas City,"Unit 1717 Box 9708
DPO AA 48716"
5462662889,4282036743,Alaska,Anchorage,"0758 Jessica Village
Collierton, AR 92248"
2223952056,6288349282,Maryland,Baltimore,"66493 Erik Knolls
West Katherine, CA 78127"
6746711377,5248733712,Rhode Island,Pawtucket,"696 William Skyway
North Daniel, NE 72847"
3232207632,232008101,Kentucky,Louisville,"USCGC Porter
FPO AE 80015"
7244994029,5330439857,Mississippi,Hattiesburg,"011 Torres Islands Suite 034
Amandabury, ME 64905"
4782374513,710314823,Rhode Island,Providence,"36972 Adkins Harbor Suite 729
Jeffreyborough, VI 22753"
3462304045,2043797419,Washington,Tacoma,"5563 Billy Landing
North Laura, AS 11128"
6929402752,6663809154,South Carolina,Columbia,"52239 Hanson Inlet Apt. 550
Josephtown, MA 29245"
5392491344,9901480416,Massachusetts,Worcester,"222 Amy Summit Apt. 337
South Brittany, PR 50341"
8997474414,8027460464,Montana,Butte,"0354 Fernandez Coves Apt. 313
Pamelabury, MO 24723"
2420331011,8249838516,Nevada,Reno,"2239 Wong Plains Suite 453
East Christopherborough, NE 09996"
6219282859,2365085106,Colorado,Denver,"02472 Brandi Drive
New Vanessashire, DE 49695"
6591582202,2194914968,Colorado,Lakewood,"5411 Andrew Avenue Suite 321
Lake Ryanburgh, IA 21527"
9362421459,7355742931,Minnesota,Rochester,"41788 Emily Summit Suite 920
Sharonshire, SD 72521"
4315906540,7070051558,Tennessee,Clarksville,"307 Smith Valleys
New Carolynhaven, NV 42399"
9574366876,5047897825,Utah,Orem,"5454 Rodgers Curve
Bookerbury, VI 12011"
8589156431,2982143421,Delaware,Middletown,"USNV Kline
FPO AE 71360"
7985339400,8128421570,Connecticut,Bridgeport,"PSC 1869, Box 8942
APO AE 16592"
2201997190,3876028071,New York,New York City,"38796 Arnold Union Suite 075
Lake Deborahport, SC 07159"
9687466103,722098549,Idaho,Pocatello,"6120 Greene Manor Suite 558
Port Alexis, AS 40744"
6707923658,5364343500,Idaho,Idaho Falls,"187 Susan Rest Suite 563
Wilsonborough, GU 01080"
5584048829,6398150906,Florida,Miami,"9790 Miller Viaduct Apt. 226
Alexview, FM 12124"
9946955716,9038463709,Washington,Vancouver,"475 Woods Street Suite 453
West Nicole, TX 78268"
5567859080,2137334478,Montana,Bozeman,"PSC 9435, Box 9402
APO AA 98901"
9872764498,8031127859,Colorado,Denver,"41971 Murphy Stream
Oliverborough, WV 92592"
1997314764,3271478679,Wyoming,Gillette,"5031 Jackson Lane Suite 478
Maureenborough, AS 36874"
1793862298,1367660453,Vermont,Colchester,"484 Gary Island Apt. 140
Beckville, PR 34844"
5212284053,2649900952,Florida,Jacksonville,"17163 Shaffer Creek Suite 390
East Cody, UT 77432"
2695362948,6875961586,Colorado,Aurora,"40603 Shelly Divide Apt. 741
Palmerfurt, WI 72937"
3991263874,5500450255,Massachusetts,Springfield,"441 Deborah Port
South Andrea, MP 26982"
9190368910,8797697957,Idaho,Boise,"5687 Anthony Dam Apt. 204
East Williamberg, CA 98865"
5088562352,6199706998,Alaska,Ketchikan,"094 Zamora Drive
Acevedoborough, MO 81738"
8747698588,7583432131,Vermont,Burlington,"2359 Vega Brooks
Port Amyside, FL 81883"
1766026591,2071346721,Massachusetts,Lowell,"17579 Waters Creek Suite 285
Caldwellbury, MA 57909"
8203743462,7036856647,Massachusetts,Boston,"4870 Lopez Viaduct Apt. 094
West Taramouth, WV 65838"
1861473729,2879772505,Montana,Missoula,"2624 Jennifer Groves Apt. 069
Patriciaview, GU 89496"
3857049852,333571412,Connecticut,Waterbury,"4092 Audrey Shore Apt. 582
Brownton, SD 20523"
570307342,4578535122,Alaska,Fairbanks,"6801 Jessica Inlet
Danielston, DC 68717"
2612606882,8327796544,Virginia,Norfolk,"4354 Scott Point Suite 623
Jeffreyville, MP 27688"
6895183852,1434317953,Maryland,Hagerstown,"PSC 0480, Box 1605
APO AP 02594"
1207877130,4721535853,Virginia,Richmond,"274 Serrano Stream Apt. 229
Blairmouth, IN 76924"
2546431175,419159546,Vermont,Essex,"481 Maynard Points
Lewisborough, TN 70543"
9174384188,5423897069,Oregon,Hillsboro,"90530 Alvarez Cliff
West Diamond, KS 49806"
7801032818,5327769567,Missouri,Columbia,"25817 Amy Ford Suite 516
Lake Jesus, NH 81382"
6910040924,5191092179,Virginia,Arlington,"88908 Lauren Inlet Suite 508
Port Thomaschester, RI 81876"
4836361431,4376834221,Washington,Tacoma,"2672 Kathleen Row
Mcdanielfurt, MO 07475"
5604743793,3879834668,Montana,Great Falls,"8279 Beck Vista Suite 528
South Casey, MD 93787"
7398556313,8931438156,Connecticut,Bridgeport,"705 Thomas Vista
Rachelport, VT 13474"
5612897926,2655819831,Utah,Provo,"609 Karla Island
South Kristina, IL 15322"
7933057965,5692652705,West Virginia,Huntington,"801 Thornton Haven
Adamsside, AR 28439"
604493520,6428151493,Wisconsin,Racine,"96227 Pamela Mills Suite 709
Kathleenchester, HI 60040"
739249752,2152211824,Ohio,Cleveland,"04841 Moore Islands Suite 300
West Nancy, PR 60392"
8904439173,2530786370,Oregon,Hillsboro,"915 Campbell Overpass Suite 336
New Kyle, SD 18057"
4114371419,5346947939,Michigan,Grand Rapids,"0850 Zamora Walks
West Patriciatown, AR 09660"
7588500177,5191112107,West Virginia,Huntington,"385 Adams Locks Apt. 292
Conleytown, NM 48176"
3246003025,2129463715,Vermont,South Burlington,"3505 Taylor Pines Apt. 405
Bensonshire, NV 28057"
850484854,4219333741,Connecticut,New Haven,"078 Cooper Court
Maxwellville, WV 88719"
4782125089,2410236081,Connecticut,Hartford,"478 Mathis Key Suite 197
Toddmouth, OH 91289"
1573158958,4228895831,California,San Diego,"195 Brianna Ports
Christianshire, KS 45731"
5537802411,5441615740,Arkansas,Fayetteville,"866 White Manors
Port Scott, FM 60372"
9723748444,7195400475,Michigan,Lansing,"1531 Andrews Point Suite 740
Michaelbury, ND 49767"
8297304478,3589577369,Minnesota,St. Paul,"94087 Shaun Views
Monroefort, SC 51417"
7663103512,4371960892,Indiana,South Bend,"PSC 6282, Box 3720
APO AP 72131"
1181641775,7582221165,Tennessee,Knoxville,"96217 Sarah Park Apt. 528
Mcleanchester, FM 03080"
6228830710,9928757486,Indiana,Fort Wayne,"1856 Rebecca Ways
Tranburgh, LA 55177"
9081676945,3109057715,Indiana,Fort Wayne,"5173 Michael Trail Suite 862
Bradleyshire, MH 66091"
950369373,7903113003,Louisiana,Baton Rouge,"1381 David Heights
Port Paul, FM 08780"
7023515154,5051728820,South Dakota,Watertown,"48299 Jeremy Square Suite 405
East Davidton, MH 66354"
7068216330,2777830415,Missouri,Columbia,"418 Tiffany Flat
Lake Christopherburgh, CO 18205"
6976805689,5909310582,New Hampshire,Concord,"44101 Carter Knolls
Port Scott, AZ 82584"
8115666424,5492917227,Indiana,South Bend,"35399 Jones Key
South Angelstad, MP 76690"
6164869237,7744694936,New York,Buffalo,"91159 Michele Hollow
Meganton, ID 67384"
1895806986,2287742536,Colorado,Aurora,"8226 Raymond Trail
West Jacquelineport, MN 61288"
6952826437,4739370688,Tennessee,Knoxville,"0707 Deanna Throughway Suite 273
Yoderfort, GU 47955"
2859074545,4162395175,Maryland,Frederick,"145 Lisa Tunnel Suite 062
Colemanborough, AZ 08063"
9812176811,6954571198,North Carolina,Charlotte,"0271 Potts Station
East Jesusshire, OK 70344"
1061501595,1880817279,Indiana,South Bend,"280 Anderson Mountains
New Josefort, AL 32914"
5719195509,7253632139,Louisiana,New Orleans,"603 Richard Forges
Port Kathrynborough, MA 86763"
8276372210,2107863792,Texas,Austin,"USS Edwards
FPO AA 21846"
8606225630,5677170659,North Dakota,Fargo,"36900 Stephanie Court
North Charles, TX 95191"
2854048656,6059840689,Oregon,Eugene,"42960 Manning Trail Suite 931
Fuentesville, NM 42085"
2861656501,150881889,Washington,Spokane,"5720 Stone Place
New Danielmouth, MD 38871"
528671050,2060248586,Rhode Island,Warwick,"229 Miller Brooks
Rodriguezstad, AK 06520"
754874652,138676316,Alaska,Fairbanks,"3184 Hudson Forks
Lucashaven, CO 37462"
2033468340,1911846931,Arizona,Glendale,"556 William Crest Suite 489
West Bethmouth, MP 32246"
1484757484,2122335447,Idaho,Pocatello,"Unit 2143 Box 3485
DPO AA 55437"
4005743070,7093135766,Pennsylvania,Erie,"774 Angela Falls Suite 535
Ramirezburgh, VA 84788"
8335166656,7736520500,Delaware,Dover,"3113 Michael Corner Apt. 355
Toddhaven, AR 84079"
5073696024,3473524683,Nevada,Reno,"8795 Rodriguez Hills
Melissashire, SC 72655"
9276076224,4578412296,Kansas,Topeka,"10283 Hart Union
West Steven, MI 56785"
694130391,4119963241,Texas,Austin,"83604 Myers Throughway
East Carla, AL 40360"
3206132341,6498412242,New Jersey,Elizabeth,"20760 Torres Estate
Port Denisefurt, IA 86953"
1195669140,225925144,New York,New York City,"481 Raymond Rapids
Port Courtneychester, IN 90856"
8794351273,9775503052,Colorado,Lakewood,"84208 James Avenue Suite 178
Smithville, KY 85641"
5038844309,9945478473,Kansas,Wichita,"98406 Anderson Lights Apt. 015
West Andrea, SD 91966"
6922135558,8705744056,Alabama,Mobile,"996 Timothy Center Suite 592
Port Lindatown, MH 25943"
7570666177,633518177,Alabama,Tuscaloosa,"769 James Center
Jenniferfurt, AR 15411"
734447538,1052969012,Nebraska,Kearney,"12174 Thomas Lane
West Justinfurt, FL 30367"
